1: 1[2  3  4  5  6  7] 2[1  7  6  3] 3[1  2  6  5  4] 4[1  3  5] 5[1  4  3  6] 6[1  5  3  2  7] 7[1  6  2]
2: 1[2  3  4  5  6] 2[1  6  7] 3[1  7  6  5  4] 4[1  3  5] 5[1  4  3  6] 6[1  5  3  7  2] 7[2  6  3]
3: 1[2  3  4  5] 2[1  6  3] 3[1  2  6  4] 4[1  3  6  7  5] 5[1  4  7] 6[2  7  4  3] 7[4  6  5]
4: 1[2  3  4  5  6] 2[1  6  5  7] 3[1  7  4] 4[1  3  7  5] 5[1  4  7  2  6] 6[1  5  2] 7[2  5  4  3]
5: 1[2  3  4  5] 2[1  5  6  7] 3[1  7  4] 4[1  3  7  6] 5[1  6  2] 6[2  5  4  7] 7[2  6  4  3]
6: 1[2  3  4  5] 2[1  5  6  3  7] 3[1  7  2  6] 4[1  6  5] 5[1  4  6  2] 6[2  5  4  3] 7[2  3]
7: 1[2  3  4] 2[1  4  5  6] 3[1  7  6  5] 4[1  5  2] 5[2  4  3  6] 6[2  5  3  7] 7[3  6]
8: 1[2  3  4  5] 2[1  5  6  3] 3[1  2  6  7] 4[1  7  6] 5[1  6  2] 6[2  5  4  3] 7[3  4]
9: 1[2  3  4  5  6] 2[1  6  4  3  7] 3[1  7  2  4] 4[1  3  2  6  5] 5[1  4  6] 6[1  5  4  2] 7[2  3]
10: 1[2  3  4  5] 2[1  5  4  6] 3[1  7  6  4] 4[1  3  6  2  5] 5[1  4  2] 6[2  4  3  7] 7[3  6]
11: 1[2  3  4  5] 2[1  5  4  3  6] 3[1  6  2  4] 4[1  3  2  5  7] 5[1  7  4  2] 6[2  3] 7[4  5]
12: 1[2  3  4] 2[1  5  4  6] 3[1  7  6  4] 4[1  3  6  2  5] 5[2  4] 6[2  4  3  7] 7[3  6]
13: 1[2  3  4  5] 2[1  6  5  3] 3[1  2  5  4  7] 4[1  7  3] 5[1  3  2  6] 6[2  5] 7[3  4]
14: 1[2  3  4] 2[1  5  4  6] 3[1  7  6] 4[1  6  2  5] 5[2  4] 6[2  4  3  7] 7[3  6]
15: 1[2  3  4  5] 2[1  6  5] 3[1  5  4  7] 4[1  7  3] 5[1  3  2  6] 6[2  5] 7[3  4]
16: 1[2  3  4  5] 2[1  6  5  3] 3[1  2  4  7] 4[1  7  3] 5[1  2  6] 6[2  5] 7[3  4]
17: 1[2  3  4  5] 2[1  6  5] 3[1  4  7] 4[1  7  3] 5[1  2  6] 6[2  5] 7[3  4]
18: 1[2  3  4  5] 2[1  6  5  3] 3[1  2  4  7] 4[1  7  3  5] 5[1  4  2  6] 6[2  5] 7[3  4]
19: 1[2  3  4  5  6  7] 2[1  7  6  3] 3[1  2  6  5  4] 4[1  3] 5[1  3  6] 6[1  5  3  2  7] 7[1  6  2]
20: 1[2  3  4  5  6] 2[1  7  5  4  3] 3[1  2  4] 4[1  3  2  5] 5[1  4  2  7  6] 6[1  5] 7[2  5]
21: 1[2  3  4  5] 2[1  6  3] 3[1  2  6  4] 4[1  3  6  7  5] 5[1  4] 6[2  7  4  3] 7[4  6]
22: 1[2  3  4  5  6] 2[1  5  7] 3[1  7  4] 4[1  3  7  5] 5[1  4  7  2  6] 6[1  5] 7[2  5  4  3]
23: 1[2  3  4  5] 2[1  5  6  7] 3[1  7] 4[1  7  6] 5[1  6  2] 6[2  5  4  7] 7[2  6  4  3]
24: 1[2  3  4  5] 2[1  5  6  3  7] 3[1  2  6] 4[1  6  5] 5[1  4  6  2] 6[2  5  4  3] 7[2]
25: 1[2  3  4] 2[1  4  5  6] 3[1  6  5] 4[1  5  2] 5[2  4  3  6] 6[2  5  3  7] 7[6]
26: 1[2  3  4  5] 2[1  5  6  3] 3[1  2  6  7] 4[1  6] 5[1  6  2] 6[2  5  4  3] 7[3]
27: 1[2  3  4  5  6] 2[1  6  7  3] 3[1  2  7  5] 4[1] 5[1  3  7] 6[1  7  2] 7[2  6  5  3]
28: 1[2  3  4  5] 2[1  5  6  7] 3[1] 4[1  7  6] 5[1  6  2] 6[2  5  4  7] 7[2  6  4]
29: 1[2  3  4] 2[1  5  6] 3[1] 4[1  7  5] 5[2  4  7  6] 6[2  5  7] 7[4  6  5]
30: 1[2  3  4  5  6] 2[1  6  4  3  7] 3[1  7  2  4] 4[1  3  2  6  5] 5[1  4] 6[1  4  2] 7[2  3]
31: 1[2  3  4  5] 2[1  5  4  3  6] 3[1  2  4] 4[1  3  2  5  7] 5[1  7  4  2] 6[2] 7[4  5]
32: 1[2  3  4] 2[1  5  4  3  6] 3[1  6  2  4] 4[1  3  2  5  7] 5[2  4] 6[2  3] 7[4]
33: 1[2  3] 2[1  4  3  5] 3[1  6  5  2  4] 4[2  3] 5[2  3  6  7] 6[3  5] 7[5]
34: 1[2  3  4] 2[1  5  4  3] 3[1  2  4  6  7] 4[1  3  2  5] 5[2  4] 6[3] 7[3]
35: 1[2  3  4] 2[1  5  4  3] 3[1  2  6  7] 4[1  2  5] 5[2  4] 6[3] 7[3]
36: 1[2  3  4] 2[1  5  4] 3[1  6  7] 4[1  2  5] 5[2  4] 6[3] 7[3]
37: 1[2  3] 2[1  4  3  5] 3[1  5  2  4] 4[2  3] 5[2  3  6  7] 6[5] 7[5]
38: 1[2  3  4] 2[1  4  5] 3[1  6  5  4] 4[1  3  5  2  7] 5[2  4  3  6] 6[3  5] 7[4]
39: 1[2  3] 2[1  4  5  6] 3[1  6  5] 4[2  5] 5[2  4  3  6] 6[2  5  3  7] 7[6]
40: 1[2  3  4] 2[1  5  4  6] 3[1  6  4] 4[1  3  6  2  5] 5[2  4] 6[2  4  3  7] 7[6]
41: 1[2  3  4  5  6] 2[1  7  6  3] 3[1  2  6  5] 4[1] 5[1  3  6] 6[1  5  3  2  7] 7[2  6]
42: 1[2  3  4  5] 2[1  6  5  7] 3[1] 4[1  7  5] 5[1  4  7  2  6] 6[2  5] 7[2  5  4]
43: 1[2  3  4  5  6] 2[1  7  6  3] 3[1  2  6] 4[1] 5[1  6] 6[1  5  3  2  7] 7[2  6]
44: 1[2  3  4  5] 2[1  6  5  7] 3[1] 4[1  5] 5[1  4  7  2  6] 6[2  5] 7[2  5]
45: 1[2  3  4  5] 2[1  6  5] 3[1] 4[1  5] 5[1  4  7  2  6] 6[2  5] 7[5]
46: 1[2  3  4  5] 2[1  6] 3[1] 4[1  5] 5[1  4  7  6] 6[2  5] 7[5]
47: 1[2  3  4  5  6] 2[1  7  6  3] 3[1  2] 4[1] 5[1  6] 6[1  5  2  7] 7[2  6]
48: 1[2  3  4  5  6] 2[1  6  3  7] 3[1  7  2] 4[1] 5[1] 6[1  2] 7[2  3]
49: 1[2  3  4  5] 2[1  6  3  7] 3[1  7  2] 4[1] 5[1] 6[2] 7[2  3]
50: 1[2  3  4  5  6] 2[1  3  7] 3[1  7  2] 4[1] 5[1] 6[1] 7[2  3]
51: 1[2  3  4  5  6] 2[1  6  7] 3[1  7  4] 4[1  3] 5[1] 6[1  2] 7[2  3]
52: 1[2  3  4  5] 2[1  6  7] 3[1  7  4] 4[1  3] 5[1] 6[2] 7[2  3]
53: 1[2  3  4  5  6] 2[1  7  6  3] 3[1  2  6] 4[1] 5[1] 6[1  3  2  7] 7[2  6]
54: 1[2  3  4  5] 2[1  6  5  7] 3[1] 4[1] 5[1  7  2  6] 6[2  5] 7[2  5]
55: 1[2  3  4  5  6] 2[1  6  7] 3[1  7  6  5  4] 4[1  3] 5[1  3  6] 6[1  5  3  7  2] 7[2  6  3]
56: 1[2  3  4  5] 2[1  6  4  3  7] 3[1  2  4] 4[1  3  2  6  5] 5[1  4  6] 6[2  5  4] 7[2]
57: 1[2  3  4] 2[1  5  4  6  3] 3[1  2  6] 4[1  6  2  5  7] 5[2  4] 6[2  4  3] 7[4]
58: 1[2  3  4] 2[1  4  5  3] 3[1  2  5] 4[1  5  2  6  7] 5[2  4  3] 6[4] 7[4]
59: 1[2  3  4] 2[1  5  3] 3[1  2  5] 4[1  5  6  7] 5[2  4  3] 6[4] 7[4]
60: 1[2  3  4  5] 2[1  5  4  6  3] 3[1  2  6] 4[1  2  5  7] 5[1  4  2] 6[2  3] 7[4]
61: 1[2  3  4] 2[1  5  4  6  3] 3[1  2  6] 4[1  2  5  7] 5[2  4] 6[2  3] 7[4]
62: 1[2  3] 2[1  4  5] 3[1  4  6  7] 4[2  6  3  5] 5[2  4] 6[3  4] 7[3]
63: 1[2  3  4] 2[1  4  5] 3[1  4  6  7] 4[1  3  5  2] 5[2  4] 6[3] 7[3]
64: 1[2  3  4  5] 2[1  5  6] 3[1  4  7] 4[1  3  5] 5[1  4  6  2] 6[2  5] 7[3]
65: 1[2  3  4  5  6] 2[1  6  5  7] 3[1  7] 4[1  7  5] 5[1  4  7  2  6] 6[1  5  2] 7[2  5  4  3]
66: 1[2  3  4  5] 2[1  5  6  3  7] 3[1  7  2  6] 4[1  6] 5[1  6  2] 6[2  5  4  3] 7[2  3]
67: 1[2  3  4  5] 2[1  6  3] 3[1  2  6  7] 4[1  7  6] 5[1  6] 6[2  5  4  3] 7[3  4]
68: 1[2  3  4  5] 2[1  5  6] 3[1  7] 4[1  7  5] 5[1  4  7  6  2] 6[2  5  7] 7[3  6  5  4]
69: 1[2  3  4  5  6] 2[1  6  4  3  7] 3[1  2  4] 4[1  3  2  6  5] 5[1  4  6] 6[1  5  4  2] 7[2]
70: 1[2  3  4  5] 2[1  6  5  4  3] 3[1  2  4] 4[1  3  2  5] 5[1  4  2  6  7] 6[2  5] 7[5]
71: 1[2  3  4] 2[1  4  3  5] 3[1  6  5  2  4] 4[1  3  2] 5[2  3  6  7] 6[3  5] 7[5]
72: 1[2  3  4  5] 2[1  5  4  3] 3[1  2  4  6  7] 4[1  3  2  5] 5[1  4  2] 6[3] 7[3]
73: 1[2  3  4] 2[1  4  3  5] 3[1  5  2  4] 4[1  3  2] 5[2  3  6  7] 6[5] 7[5]
74: 1[2  3  4  5] 2[1  5  4  6] 3[1  6  4] 4[1  3  6  2  5] 5[1  4  2] 6[2  4  3  7] 7[6]
75: 1[2  3  4  5  6  7] 2[1  6  3] 3[1  2  6  5  4] 4[1  3] 5[1  3  6] 6[1  5  3  2  7] 7[1  6]
76: 1[2  3  4  5  6] 2[1  7  5  4  3] 3[1  2] 4[1  2  5] 5[1  4  2  7  6] 6[1  5] 7[2  5]
77: 1[2  3  4  5] 2[1  6] 3[1  6  4] 4[1  3  6  7  5] 5[1  4] 6[2  7  4  3] 7[4  6]
78: 1[2  3  4  5  6] 2[1  5  7] 3[1  7] 4[1  7  5] 5[1  4  7  2  6] 6[1  5] 7[2  5  4  3]
79: 1[2  3  4  5] 2[1  6  7] 3[1  7] 4[1  7  6] 5[1  6] 6[2  5  4  7] 7[2  6  4  3]
80: 1[2  3  4  5] 2[1  5  6  3  7] 3[1  2  6] 4[1  6] 5[1  6  2] 6[2  5  4  3] 7[2]
81: 1[2  3  4] 2[1  5  6] 3[1  6  5] 4[1  5] 5[2  4  3  6] 6[2  5  3  7] 7[6]
82: 1[2  3  4  5] 2[1  6  3] 3[1  2  6  7] 4[1  6] 5[1  6] 6[2  5  4  3] 7[3]
83: 1[2  3  4  5  6] 2[1  7  3] 3[1  2  7  5] 4[1] 5[1  3  7] 6[1  7] 7[2  6  5  3]
84: 1[2  3  4  5] 2[1  6  7  4] 3[1] 4[1  2  7] 5[1  7] 6[2  7] 7[2  6  5  4]
85: 1[2  3  4  5] 2[1  6  7] 3[1] 4[1  7  6] 5[1  6] 6[2  5  4  7] 7[2  6  4]
86: 1[2  3  4  5  6] 2[1  6  4  3  7] 3[1  2  4] 4[1  3  2  6  5] 5[1  4] 6[1  4  2] 7[2]
87: 1[2  3  4  5] 2[1  4  6] 3[1  6  4] 4[1  3  6  2  5] 5[1  4] 6[2  4  3  7] 7[6]
88: 1[2  3  4  5] 2[1  6  5  4  3] 3[1  2] 4[1  2  5] 5[1  4  2  6  7] 6[2  5] 7[5]
89: 1[2  3  4] 2[1  3  5] 3[1  6  5  2  4] 4[1  3] 5[2  3  6  7] 6[3  5] 7[5]
90: 1[2  3  4  5] 2[1  4  3] 3[1  2  4  6  7] 4[1  3  2  5] 5[1  4] 6[3] 7[3]
91: 1[2  3  4  5] 2[1  5  4  3  6] 3[1  2  4] 4[1  3  2  5  7] 5[1  4  2] 6[2] 7[4]
92: 1[2  3  4] 2[1  5  4  3  6] 3[1  2  4] 4[1  3  2  5  7] 5[2  4] 6[2] 7[4]
93: 1[2  3] 2[1  4  3  5  6] 3[1  5  2  4  7] 4[2  3] 5[2  3] 6[2] 7[3]
94: 1[2  3] 2[1  3  4  5] 3[1  4  2  6  7] 4[2  3] 5[2] 6[3] 7[3]
95: 1[2  3] 2[1  3  4  5] 3[1  2  6  7] 4[2] 5[2] 6[3] 7[3]
96: 1[2  3] 2[1  4  5] 3[1  4  6  7] 4[2  3] 5[2] 6[3] 7[3]
97: 1[2  3] 2[1  3  4] 3[1  5  4  2  6] 4[2  3  5  7] 5[3  4] 6[3] 7[4]
98: 1[2  3  4] 2[1  4  3] 3[1  2  4  5  6] 4[1  3  2  7] 5[3] 6[3] 7[4]
99: 1[2  3  4] 2[1  4  3] 3[1  2  5  6] 4[1  2  7] 5[3] 6[3] 7[4]
100: 1[2  3  4] 2[1  4  5] 3[1  5  4] 4[1  3  5  2  6] 5[2  4  3  7] 6[4] 7[5]
101: 1[2  3] 2[1  4  5] 3[1  5  4] 4[2  6  3  5] 5[2  4  3  7] 6[4] 7[5]
102: 1[2  3  4] 2[1  5  3] 3[1  2  5  6] 4[1  5] 5[2  7  4  3] 6[3] 7[5]
103: 1[2  3  4] 2[1  5  3] 3[1  2  6] 4[1  5] 5[2  7  4] 6[3] 7[5]
104: 1[2  3  4  5  6  7] 2[1  6  3] 3[1  2  6  5  4] 4[1  3] 5[1  3  6] 6[1  5  3  2] 7[1]
105: 1[2  3  4  5  6] 2[1  7  5  4] 3[1] 4[1  2  5] 5[1  4  2  7  6] 6[1  5] 7[2  5]
106: 1[2  3  4  5] 2[1  5  3  6  7] 3[1  6  2  5] 4[1] 5[1  3  2] 6[2  3] 7[2]
107: 1[2  3  4] 2[1  3  5] 3[1  6  5  2] 4[1] 5[2  3  6  7] 6[3  5] 7[5]
108: 1[2  3  4  5  6] 2[1  3] 3[1  2  5  7  4] 4[1  3] 5[1  7  3] 6[1] 7[3  5]
109: 1[2  3  4  5] 2[1  5  3  6  7] 3[1  6  2] 4[1] 5[1  2] 6[2  3] 7[2]
110: 1[2  3  4] 2[1  5] 3[1  6  5] 4[1] 5[2  3  6  7] 6[3  5] 7[5]
111: 1[2  3  4  5] 2[1] 3[1  4  6  7] 4[1  6  3] 5[1] 6[3  4] 7[3]
112: 1[2  3  4  5  6] 2[1] 3[1  5  7  4] 4[1  3] 5[1  7  3] 6[1] 7[3  5]
113: 1[2  3  4  5  6] 2[1  5  7] 3[1] 4[1  7  5] 5[1  4  7  2  6] 6[1  5] 7[2  5  4]
114: 1[2  3  4  5  6] 2[1  7  5  4  3] 3[1  2] 4[1  2  5] 5[1  4  2  7] 6[1] 7[2  5]
115: 1[2  3  4  5  6] 2[1  6  4  3  7] 3[1  2  4] 4[1  3  2  6] 5[1] 6[1  4  2] 7[2]
116: 1[2  3  4  5] 2[1  5  6] 3[1] 4[1  6  5] 5[1  4  6  2  7] 6[2  5  4] 7[5]
117: 1[2  3  4] 2[1  5  6] 3[1  6  5] 4[1] 5[2  3  6] 6[2  5  3  7] 7[6]
118: 1[2  3  4  5] 2[1  4  6] 3[1  6  4] 4[1  3  6  2] 5[1] 6[2  4  3  7] 7[6]
119: 1[2  3  4  5  6] 2[1  3] 3[1  2  5  4  7] 4[1  3  5] 5[1  4  3] 6[1] 7[3]
120: 1[2  3  4  5] 2[1  5  6] 3[1] 4[1  5] 5[1  4  6  2  7] 6[2  5] 7[5]
121: 1[2  3  4  5] 2[1  5] 3[1] 4[1  5] 5[1  4  6  2  7] 6[5] 7[5]
122: 1[2  3  4  5  6] 2[1  6  3] 3[1  2] 4[1] 5[1  6] 6[1  5  2  7] 7[6]
123: 1[2  3  4  5] 2[1  5  6] 3[1] 4[1  5] 5[1  4  2  7] 6[2] 7[5]
124: 1[2  3  4  5] 2[1  6  3  7] 3[1  2  4] 4[1  3] 5[1] 6[2] 7[2]
125: 1[2  3  4  5  6] 2[1  6  3  7] 3[1  2] 4[1] 5[1] 6[1  2] 7[2]
126: 1[2  3  4  5] 2[1  6  3  7] 3[1  2] 4[1] 5[1] 6[2] 7[2]
127: 1[2  3  4  5  6] 2[1  3  7] 3[1  2] 4[1] 5[1] 6[1] 7[2]
128: 1[2  3  4  5  6] 2[1  3  7] 3[1  2  4] 4[1  3] 5[1] 6[1] 7[2]
129: 1[2  3  4  5] 2[1  5  6] 3[1] 4[1] 5[1  2  7] 6[2] 7[5]
130: 1[2  3  4  5  6] 2[1  6  3] 3[1  2  6] 4[1] 5[1] 6[1  3  2  7] 7[6]
131: 1[2  3  4  5  6  7] 2[1  6  3] 3[1  2  6  5] 4[1] 5[1  3  6] 6[1  5  3  2] 7[1]
132: 1[2  3  4  5  6] 2[1  7  5  4] 3[1] 4[1  2  5] 5[1  4  2  7] 6[1] 7[2  5]
133: 1[2  3  4  5] 2[1  6  4  7] 3[1] 4[1  7  2  6] 5[1] 6[2  4] 7[2  4]
134: 1[2  3  4  5  6] 2[1  5  7] 3[1] 4[1  7  5] 5[1  4  7  2] 6[1] 7[2  5  4]
135: 1[2  3  4  5] 2[1  6  7  4] 3[1] 4[1  2  7] 5[1] 6[2  7] 7[2  6  4]
136: 1[2  3  4  5] 2[1  6  7] 3[1] 4[1  7  6] 5[1] 6[2  4  7] 7[2  6  4]
137: 1[2  3  4  5  6  7] 2[1  6  3] 3[1  2  6  5  4] 4[1  3] 5[1  3] 6[1  3  2  7] 7[1  6]
138: 1[2  3  4  5  6] 2[1  4  3  7] 3[1  2  4] 4[1  3  2  6  5] 5[1  4] 6[1  4] 7[2]
139: 1[2  3  4  5] 2[1  6  5  4  3] 3[1  2] 4[1  2] 5[1  2  6  7] 6[2  5] 7[5]
140: 1[2  3  4  5] 2[1  5  4  3] 3[1  2] 4[1  2] 5[1  2  6  7] 6[5] 7[5]
141: 1[2  3  4  5] 2[1  5  4  3  6] 3[1  2] 4[1  2  5  7] 5[1  4  2] 6[2] 7[4]
142: 1[2  3  4] 2[1  5  4  3  6] 3[1  2] 4[1  2  5  7] 5[2  4] 6[2] 7[4]
143: 1[2  3  4] 2[1  4  3  5] 3[1  2] 4[1  2  6  7] 5[2] 6[4] 7[4]
144: 1[2  3  4] 2[1  4  5] 3[1  5] 4[1  5  2  6] 5[2  4  3  7] 6[4] 7[5]
145: 1[2  3  4  5  6] 2[1  7  5  4  3] 3[1  2] 4[1  2] 5[1  2  7  6] 6[1  5] 7[2  5]
146: 1[2  3  4  5] 2[1  6] 3[1  6] 4[1  6  7  5] 5[1  4] 6[2  7  4  3] 7[4  6]
147: 1[2  3  4  5  6] 2[1  6  4  3  7] 3[1  2] 4[1  2  6  5] 5[1  4] 6[1  4  2] 7[2]
148: 1[2  3  4  5] 2[1  4  6] 3[1  6] 4[1  6  2  5] 5[1  4] 6[2  4  3  7] 7[6]
149: 1[2  3  4  5  6  7] 2[1  6  3] 3[1  2  6  5  4] 4[1  3] 5[1  3] 6[1  3  2] 7[1]
150: 1[2  3  4  5  6] 2[1  7  5  4  3] 3[1  2] 4[1  2] 5[1  2  7] 6[1] 7[2  5]
151: 1[2  3  4  5  6] 2[1  6  4  3  7] 3[1  2] 4[1  2  6] 5[1] 6[1  4  2] 7[2]
152: 1[2  3  4  5] 2[1  4  6] 3[1  6] 4[1  6  2] 5[1] 6[2  4  3  7] 7[6]
153: 1[2  3  4  5  6] 2[1  3] 3[1  2  5  4  7] 4[1  3] 5[1  3] 6[1] 7[3]
154: 1[2  3  4  5] 2[1  6] 3[1  6] 4[1  6] 5[1] 6[2  4  3  7] 7[6]
155: 1[2  3  4  5  6] 2[1] 3[1  5  4  7] 4[1  3] 5[1  3] 6[1] 7[3]
156: 1[2  3  4  5  6  7] 2[1  6  3] 3[1  2  5  4] 4[1  3] 5[1  3] 6[1  2] 7[1]
157: 1[2  3  4  5  6] 2[1  7  4  3] 3[1  2] 4[1  2] 5[1  7] 6[1] 7[2  5]
158: 1[2  3  4  5] 2[1  6] 3[1  6] 4[1  7] 5[1] 6[2  7  3] 7[4  6]
159: 1[2  3  4  5  6] 2[1  6  3  7] 3[1  2] 4[1  6] 5[1] 6[1  4  2] 7[2]
160: 1[2  3  4  5] 2[1  6  3  7] 3[1  2] 4[1  6] 5[1] 6[2  4] 7[2]
161: 1[2  3  4  5] 2[1  4  6] 3[1  6] 4[1  2] 5[1] 6[2  3  7] 7[6]
162: 1[2  3  4  5  6] 2[1  5] 3[1  4  7] 4[1  3] 5[1  2] 6[1] 7[3]
163: 1[2  3  4  5  6  7] 2[1  6] 3[1  5  4] 4[1  3] 5[1  3] 6[1  2] 7[1]
164: 1[2  3  4  5  6] 2[1  7] 3[1  7] 4[1  6] 5[1] 6[1  4] 7[2  3]
165: 1[2  3  4  5  6  7] 2[1] 3[1  7] 4[1  6] 5[1] 6[1  4  7] 7[1  6  3]
166: 1[2  3  4  5  6] 2[1  7  4] 3[1] 4[1  2] 5[1  7] 6[1] 7[2  5]
167: 1[2  3  4  5  6  7] 2[1  4] 3[1] 4[1  2] 5[1  7] 6[1] 7[1  5]
168: 1[2  3  4  5  6  7] 2[1  7  5  4] 3[1] 4[1  2] 5[1  2  7] 6[1] 7[1  5  2]
169: 1[2  3  4  5  6] 2[1  7  5  4] 3[1] 4[1  2] 5[1  2  7] 6[1] 7[2  5]
170: 1[2  3  4  5  6] 2[1  5  7] 3[1] 4[1  7] 5[1  7  2] 6[1] 7[2  5  4]
171: 1[2  3  4  5  6  7] 2[1  6  3] 3[1  2  6  5] 4[1] 5[1  3] 6[1  3  2  7] 7[1  6]
172: 1[2  3  4  5  6] 2[1  7] 3[1  7  4] 4[1  3  7  6] 5[1] 6[1  4] 7[2  4  3]
173: 1[2  3  4  5] 2[1  6  7  4] 3[1] 4[1  2] 5[1  7] 6[2  7] 7[2  6  5]
174: 1[2  3  4  5] 2[1  6  7] 3[1] 4[1  7] 5[1  6] 6[2  5  7] 7[2  6  4]
175: 1[2  3  4  5  6] 2[1  4  3  7] 3[1  2  4] 4[1  3  2  6] 5[1] 6[1  4] 7[2]
176: 1[2  3  4  5] 2[1  6  5  4] 3[1] 4[1  2] 5[1  2  6  7] 6[2  5] 7[5]
177: 1[2  3  4  5] 2[1  5  6] 3[1] 4[1  6] 5[1  6  2  7] 6[2  5  4] 7[5]
178: 1[2  3  4  5  6] 2[1  7  5  4] 3[1] 4[1  2] 5[1  2  7  6] 6[1  5] 7[2  5]
179: 1[2  3  4  5  6] 2[1  5  7] 3[1] 4[1  7] 5[1  7  2  6] 6[1  5] 7[2  5  4]
180: 1[2  3  4  5  6  7] 2[1  6] 3[1  6  5  4] 4[1  3] 5[1  3] 6[1  3  2  7] 7[1  6]
181: 1[2  3  4  5  6] 2[1  7] 3[1  7] 4[1  7  6  5] 5[1  4] 6[1  4] 7[2  4  3]
182: 1[2  3  4  5] 2[1  6] 3[1  6] 4[1  7] 5[1  7] 6[2  7  3] 7[4  6  5]
183: 1[2  3  4  5] 2[1  6  3  7] 3[1  2] 4[1  6] 5[1  6] 6[2  5  4] 7[2]
184: 1[2  3  4  5  6] 2[1  4  3  7] 3[1  2] 4[1  2  6  5] 5[1  4] 6[1  4] 7[2]
185: 1[2  3  4  5] 2[1  4  3  6] 3[1  2] 4[1  2  5  7] 5[1  4] 6[2] 7[4]
186: 1[2  3  4  5  6  7] 2[1  5  4  3] 3[1  2] 4[1  2] 5[1  2  7] 6[1] 7[1  5]
187: 1[2  3  4  5  6] 2[1  7] 3[1  7] 4[1  7  6] 5[1] 6[1  4] 7[2  4  3]
188: 1[2  3  4  5  6] 2[1  4  3  7] 3[1  2] 4[1  2  6] 5[1] 6[1  4] 7[2]
189: 1[2  3  4  5  6  7] 2[1  5  4] 3[1] 4[1  2] 5[1  2  7] 6[1] 7[1  5]
190: 1[2  3  4  5  6  7] 2[1  7  4  3] 3[1  2] 4[1  2] 5[1  7  6] 6[1  5] 7[1  5  2]
191: 1[2  3  4  5  6] 2[1  7] 3[1  7  4] 4[1  3  6  5] 5[1  4] 6[1  4] 7[2  3]
192: 1[2  3  4  5  6] 2[1  3  7] 3[1  2  4] 4[1  3  6  5] 5[1  4] 6[1  4] 7[2]
193: 1[2  3  4  5] 2[1  5  3  6] 3[1  2] 4[1  5  7] 5[1  4  2] 6[2] 7[4]
194: 1[2  3  4  5] 2[1  3  6] 3[1  2] 4[1  5  7] 5[1  4] 6[2] 7[4]
195: 1[2  3  4] 2[1  4  5] 3[1  5] 4[1  2  6] 5[2  3  7] 6[4] 7[5]
196: 1[2  3  4  5  6] 2[1  7  4  3] 3[1  2] 4[1  2] 5[1  7  6] 6[1  5] 7[2  5]
197: 1[2  3  4  5] 2[1  6] 3[1  7  5  4] 4[1  3] 5[1  3] 6[2  7] 7[3  6]
198: 1[2  3  4] 2[1  5] 3[1  5] 4[1  6] 5[2  7  3] 6[4  7] 7[5  6]
199: 1[2  3  4  5] 2[1  6] 3[1  6] 4[1  7  5] 5[1  4] 6[2  7  3] 7[4  6]
200: 1[2  3  4  5  6] 2[1  6  3  7] 3[1  2] 4[1  6  5] 5[1  4] 6[1  4  2] 7[2]
201: 1[2  3  4  5] 2[1  4  6] 3[1  6] 4[1  2  5] 5[1  4] 6[2  3  7] 7[6]
202: 1[2  3  4  5  6] 2[1  5] 3[1  4  7] 4[1  3] 5[1  2  6] 6[1  5] 7[3]
203: 1[2  3  4  5] 2[1  6] 3[1  6] 4[1  5  7] 5[1  4] 6[2  3] 7[4]
204: 1[2  3  4  5  6  7] 2[1  7] 3[1  7] 4[1  6  5] 5[1  4] 6[1  4] 7[1  3  2]
205: 1[2  3  4  5  6] 2[1  7] 3[1  7] 4[1  6  5] 5[1  4] 6[1  4] 7[2  3]
206: 1[2  3  4  5] 2[1  6] 3[1  6] 4[1  7] 5[1  7] 6[2  3] 7[4  5]
207: 1[2  3  4  5  6  7] 2[1  7] 3[1  7  4] 4[1  3  6  5] 5[1  4] 6[1  4  7] 7[1  6  3  2]
208: 1[2  3  4  5  6] 2[1  7  4  3] 3[1  2] 4[1  2  5] 5[1  4  7  6] 6[1  5] 7[2  5]
209: 1[2  3  4  5] 2[1  6] 3[1  6  4] 4[1  3  7  5] 5[1  4] 6[2  7  3] 7[4  6]
210: 1[2  3  4  5  6] 2[1  5  7] 3[1  7] 4[1  7  5] 5[1  4  2  6] 6[1  5] 7[2  4  3]
211: 1[2  3  4  5] 2[1  6  4  3] 3[1  2] 4[1  2  7] 5[1  7] 6[2  7] 7[4  6  5]
212: 1[2  3  4] 2[1  5] 3[1  5  6] 4[1  6] 5[2  7  3] 6[3  7  4] 7[5  6]
213: 1[2  3  4  5] 2[1  6  7] 3[1  7] 4[1  7  6] 5[1  6] 6[2  5  4] 7[2  4  3]
214: 1[2  3  4  5] 2[1  5  3  6] 3[1  2  7] 4[1  7] 5[1  7  2] 6[2] 7[3  5  4]
215: 1[2  3  4] 2[1  5  6] 3[1  6  5] 4[1  5] 5[2  4  3] 6[2  3  7] 7[6]
216: 1[2  3  4  5  6] 2[1  6  3  7] 3[1  2  4] 4[1  3  6  5] 5[1  4] 6[1  4  2] 7[2]
217: 1[2  3  4  5] 2[1  4  6] 3[1  6  4] 4[1  3  2  5] 5[1  4] 6[2  3  7] 7[6]
218: 1[2  3  4  5] 2[1  5  3  6] 3[1  2  4] 4[1  3  5  7] 5[1  4  2] 6[2] 7[4]
219: 1[2  3  4] 2[1  4  5] 3[1  5  4] 4[1  3  2  6] 5[2  3  7] 6[4] 7[5]
220: 1[2  3] 2[1  4  5] 3[1  5  4] 4[2  6  3] 5[2  3  7] 6[4] 7[5]
221: 1[2  3  4  5  6  7] 2[1  6  3] 3[1  2  5  4] 4[1  3] 5[1  3  6] 6[1  5  2] 7[1]
222: 1[2  3  4  5  6] 2[1  7  4] 3[1] 4[1  2  5] 5[1  4  7  6] 6[1  5] 7[2  5]
223: 1[2  3  4  5] 2[1  6  7  3] 3[1  2] 4[1  7  6] 5[1] 6[2  4] 7[2  4]
224: 1[2  3  4  5  6] 2[1  5  7] 3[1] 4[1  7  5] 5[1  4  2  6] 6[1  5] 7[2  4]
225: 1[2  3  4  5] 2[1  6  4  3] 3[1  2] 4[1  2  7] 5[1] 6[2  7] 7[4  6]
226: 1[2  3  4  5  6] 2[1  7  4  3] 3[1  2] 4[1  2  5] 5[1  4  7] 6[1] 7[2  5]
227: 1[2  3  4  5  6] 2[1  6  3  7] 3[1  2  4] 4[1  3  6] 5[1] 6[1  4  2] 7[2]
228: 1[2  3  4  5] 2[1  5  6] 3[1] 4[1  6  5] 5[1  4  2  7] 6[2  4] 7[5]
229: 1[2  3  4] 2[1  5  6] 3[1  6  5] 4[1] 5[2  3] 6[2  3  7] 7[6]
230: 1[2  3  4  5] 2[1  6  3  7] 3[1  2  4] 4[1  3  6] 5[1] 6[2  4] 7[2]
231: 1[2  3  4  5] 2[1  4  6] 3[1  6  4] 4[1  3  2] 5[1] 6[2  3  7] 7[6]
232: 1[2  3  4  5  6  7] 2[1  6  3] 3[1  2  5] 4[1] 5[1  3] 6[1  2  7] 7[1  6]
233: 1[2  3  4  5  6] 2[1  7  4] 3[1] 4[1  2] 5[1  7  6] 6[1  5] 7[2  5]
234: 1[2  3  4  5] 2[1  6] 3[1  7  5] 4[1] 5[1  3] 6[2  7] 7[3  6]
235: 1[2  3  4  5  6] 2[1  5  7] 3[1] 4[1  7] 5[1  2  6] 6[1  5] 7[2  4]
236: 1[2  3  4  5  6] 2[1  7] 3[1  7  4] 4[1  3  6] 5[1] 6[1  4] 7[2  3]
237: 1[2  3  4  5] 2[1  6  7] 3[1] 4[1  7] 5[1  6] 6[2  5] 7[2  4]
238: 1[2  3  4  5  6] 2[1  3  7] 3[1  2  4] 4[1  3  6] 5[1] 6[1  4] 7[2]
239: 1[2  3  4  5] 2[1  6  4] 3[1] 4[1  2] 5[1  6  7] 6[2  5] 7[5]
240: 1[2  3  4  5] 2[1  5  6] 3[1] 4[1  6] 5[1  2  7] 6[2  4] 7[5]
241: 1[2  3  4  5  6  7] 2[1  6  3] 3[1  2  5] 4[1] 5[1  3  6] 6[1  5  2] 7[1]
242: 1[2  3  4  5  6] 2[1  7  4] 3[1] 4[1  2  5] 5[1  4  7] 6[1] 7[2  5]
243: 1[2  3  4  5] 2[1  6  7] 3[1] 4[1  7  6] 5[1] 6[2  4] 7[2  4]
244: 1[2  3  4  5] 2[1  4  6] 3[1] 4[1  7  2] 5[1] 6[2  7] 7[4  6]
245: 1[2  3  4  5  6  7] 2[1  7  6  3] 3[1  2  6  5  4] 4[1  3] 5[1  3] 6[1  3  2  7] 7[1  6  2]
246: 1[2  3  4  5  6] 2[1  7  3] 3[1  2  7  4] 4[1  3  7  6  5] 5[1  4] 6[1  4] 7[2  4  3]
247: 1[2  3  4  5  6] 2[1  4  3  7] 3[1  7  2  4] 4[1  3  2  6  5] 5[1  4] 6[1  4] 7[2  3]
248: 1[2  3  4  5] 2[1  6  5  7] 3[1  7] 4[1  7] 5[1  7  2  6] 6[2  5] 7[2  5  4  3]
249: 1[2  3  4  5] 2[1  5  4  3  6] 3[1  2] 4[1  2  5  7] 5[1  7  4  2] 6[2] 7[4  5]
250: 1[2  3  4] 2[1  5  4  6] 3[1  6] 4[1  6  2  5] 5[2  4] 6[2  4  3  7] 7[6]
251: 1[2  3  4  5] 2[1  6  5  3] 3[1  2  4  7] 4[1  3] 5[1  2  6] 6[2  5] 7[3]
252: 1[2  3  4  5] 2[1  6  5] 3[1  4  7] 4[1  3] 5[1  2  6] 6[2  5] 7[3]
253: 1[2  3  4  5  6] 2[1  7  6  3] 3[1  2  6  5] 4[1] 5[1  3] 6[1  3  2  7] 7[2  6]
254: 1[2  3  4  5] 2[1  6  5  4] 3[1] 4[1  2] 5[1  2  6  7] 6[2  7  5] 7[5  6]
255: 1[2  3  4  5] 2[1  6  5  7] 3[1] 4[1  7] 5[1  7  2  6] 6[2  5] 7[2  5  4]
256: 1[2  3  4  5  6] 2[1  7  6  3] 3[1  2  5  4] 4[1  3] 5[1  3] 6[1  2  7] 7[2  6]
257: 1[2  3  4  5] 2[1  6  4  3] 3[1  2] 4[1  2] 5[1  6  7] 6[2  7  5] 7[5  6]
258: 1[2  3  4  5  6] 2[1  4  3] 3[1  2] 4[1  2] 5[1  6  7] 6[1  7  5] 7[5  6]
259: 1[2  3  4  5] 2[1  6] 3[1  6] 4[1  5  7] 5[1  7  4] 6[2  3] 7[4  5]
260: 1[2  3  4  5  6] 2[1  6  7] 3[1  7  6  5  4] 4[1  3] 5[1  3] 6[1  3  7  2] 7[2  6  3]
261: 1[2  3  4  5] 2[1  6  4  3  7] 3[1  2] 4[1  2  6  5] 5[1  4  6] 6[2  5  4] 7[2]
262: 1[2  3  4  5  6] 2[1  6  5  7] 3[1  7] 4[1  7] 5[1  7  2  6] 6[1  5  2] 7[2  5  4  3]
263: 1[2  3  4  5] 2[1  6  3] 3[1  2  6  7] 4[1  7] 5[1  7] 6[2  7  3] 7[3  6  5  4]
264: 1[2  3  4  5  6] 2[1  6  4  3  7] 3[1  2] 4[1  2  6  5] 5[1  4  6] 6[1  5  4  2] 7[2]
265: 1[2  3  4  5] 2[1  5  4  6] 3[1  6] 4[1  6  2  5] 5[1  4  2] 6[2  4  3  7] 7[6]
266: 1[2  3  4  5  6  7] 2[1  7  6  3] 3[1  2  6  5  4] 4[1  3] 5[1  3] 6[1  3  2] 7[1  2]
267: 1[2  3  4  5  6] 2[1  7  6  3] 3[1  2  6  5  4] 4[1  3] 5[1  3] 6[1  3  2] 7[2]
268: 1[2  3  4  5] 2[1  5  4  3  6] 3[1  2] 4[1  2  5] 5[1  7  4  2] 6[2] 7[5]
269: 1[2  3  4  5] 2[1  5  3  6] 3[1  2] 4[1  5] 5[1  7  4  2] 6[2] 7[5]
270: 1[2  3  4  5] 2[1  3  6] 3[1  2] 4[1  5] 5[1  7  4] 6[2] 7[5]
271: 1[2  3  4] 2[1  5  4  6] 3[1  6] 4[1  6  2] 5[2] 6[2  4  3  7] 7[6]
272: 1[2  3  4] 2[1  5  4] 3[1  6] 4[1  6  2] 5[2] 6[3  7  4] 7[6]
273: 1[2  3  4  5  6] 2[1  7] 3[1  7  6  5  4] 4[1  3] 5[1  3] 6[1  3  7] 7[2  6  3]
274: 1[2  3  4  5] 2[1  6  4  3  7] 3[1  2] 4[1  2  6] 5[1  6] 6[2  5  4] 7[2]
275: 1[2  3  4  5  6] 2[1  7  5  4] 3[1] 4[1  2] 5[1  2  7] 6[1  7] 7[2  6  5]
276: 1[2  3  4  5  6] 2[1  6  5  7] 3[1  7] 4[1  7] 5[1  7  2] 6[1  2] 7[2  5  4  3]
277: 1[2  3  4  5] 2[1  6  5  7] 3[1  7] 4[1  7] 5[1  7  2] 6[2] 7[2  5  4  3]
278: 1[2  3  4  5  6] 2[1  5  7] 3[1  7] 4[1  7] 5[1  7  2] 6[1] 7[2  5  4  3]
279: 1[2  3  4  5  6] 2[1  6  4  3  7] 3[1  2] 4[1  2  6] 5[1  6] 6[1  5  4  2] 7[2]
280: 1[2  3  4  5] 2[1  5  4  6] 3[1  6] 4[1  6  2] 5[1  2] 6[2  4  3  7] 7[6]
281: 1[2  3  4  5  6  7] 2[1  7  6  3] 3[1  2  6  5] 4[1] 5[1  3] 6[1  3  2] 7[1  2]
282: 1[2  3  4  5  6] 2[1  7  6  3] 3[1  2  6  5] 4[1] 5[1  3] 6[1  3  2] 7[2]
283: 1[2  3  4  5] 2[1  6  5  4] 3[1] 4[1  2] 5[1  2  6] 6[2  7  5] 7[6]
284: 1[2  3  4  5] 2[1  6  5  7] 3[1] 4[1  7] 5[1  7  2] 6[2] 7[2  5  4]
285: 1[2  3  4  5  6] 2[1  6  5  7] 3[1] 4[1  7] 5[1  7  2] 6[1  2] 7[2  5  4]
286: 1[2  3  4  5] 2[1  6] 3[1] 4[1  7] 5[1  7  6] 6[2  5  7] 7[4  6  5]
287: 1[2  3  4  5  6  7] 2[1  3] 3[1  2  7] 4[1  7  6  5] 5[1  4] 6[1  4] 7[1  4  3]
288: 1[2  3  4  5  6] 2[1  7  6] 3[1  6  5  4] 4[1  3] 5[1  3] 6[1  3  2] 7[2]
289: 1[2  3  4  5] 2[1  4  3  6] 3[1  2] 4[1  2  5] 5[1  7  4] 6[2] 7[5]
290: 1[2  3  4  5  6] 2[1  7] 3[1  6  5  4] 4[1  3] 5[1  3] 6[1  3  7] 7[2  6]
291: 1[2  3  4  5] 2[1  6] 3[1  6] 4[1  6  7] 5[1  7] 6[2  4  3] 7[4  5]
292: 1[2  3  4  5  6] 2[1  7] 3[1  7] 4[1  7  6] 5[1  6] 6[1  5  4] 7[2  4  3]
293: 1[2  3  4  5] 2[1  6  5] 3[1  7] 4[1  7] 5[1  7  2] 6[2] 7[3  5  4]
294: 1[2  3  4  5  6] 2[1  4  3  7] 3[1  2] 4[1  2  6] 5[1  6] 6[1  5  4] 7[2]
295: 1[2  3  4  5  6  7] 2[1  5  4] 3[1] 4[1  2] 5[1  2  7] 6[1  7] 7[1  6  5]
296: 1[2  3  4  5  6] 2[1  7  6] 3[1  6  5] 4[1] 5[1  3] 6[1  3  2] 7[2]
297: 1[2  3  4  5  6] 2[1  7] 3[1  6  5] 4[1] 5[1  3] 6[1  3  7] 7[2  6]
298: 1[2  3  4  5  6  7] 2[1  3] 3[1  2  7  4] 4[1  3  6  5] 5[1  4] 6[1  4] 7[1  3]
299: 1[2  3  4  5  6] 2[1  7  6  3] 3[1  2  5  4] 4[1  3] 5[1  3] 6[1  2] 7[2]
300: 1[2  3  4  5  6] 2[1  7  6] 3[1  5  4] 4[1  3] 5[1  3] 6[1  2] 7[2]
301: 1[2  3  4  5] 2[1  6  4  3] 3[1  2] 4[1  2] 5[1  6] 6[2  7  5] 7[6]
302: 1[2  3  4  5  6  7] 2[1  4  3] 3[1  2] 4[1  2] 5[1  7] 6[1  7] 7[1  6  5]
303: 1[2  3  4  5  6  7] 2[1  7  3] 3[1  2  7  4] 4[1  3  7  6] 5[1] 6[1  4] 7[1  4  3  2]
304: 1[2  3  4  5  6] 2[1  7  3] 3[1  2  7  4] 4[1  3  7  6] 5[1] 6[1  4] 7[2  4  3]
305: 1[2  3  4  5] 2[1  6  7  3] 3[1  2  7  5] 4[1] 5[1  3] 6[2  7] 7[2  6  3]
306: 1[2  3  4  5] 2[1  5  6  7] 3[1] 4[1  7] 5[1  6  2] 6[2  5  7] 7[2  6  4]
307: 1[2  3  4] 2[1  5  6] 3[1] 4[1  7] 5[2  7  6] 6[2  5  7] 7[4  6  5]
308: 1[2  3  4  5  6] 2[1  6  5  7] 3[1] 4[1  7] 5[1  7  2  6] 6[1  5  2] 7[2  5  4]
309: 1[2  3  4  5] 2[1  5  6] 3[1] 4[1  7] 5[1  7  6  2] 6[2  5  7] 7[4  6  5]
310: 1[2  3  4  5  6  7] 2[1  7  3] 3[1  2  7] 4[1  7  6  5] 5[1  4] 6[1  4] 7[1  4  3  2]
311: 1[2  3  4  5  6] 2[1  7  3] 3[1  2  7] 4[1  7  6  5] 5[1  4] 6[1  4] 7[2  4  3]
312: 1[2  3  4  5] 2[1  6  7] 3[1  7  5  4] 4[1  3] 5[1  3] 6[2  7] 7[2  6  3]
313: 1[2  3  4  5] 2[1  6  3  7] 3[1  2] 4[1  6  5] 5[1  4  6] 6[2  5  4] 7[2]
314: 1[2  3  4  5  6] 2[1  4  3  7] 3[1  7  2] 4[1  2  6  5] 5[1  4] 6[1  4] 7[2  3]
315: 1[2  3  4  5] 2[1  4  3  6] 3[1  2] 4[1  2  5  7] 5[1  7  4] 6[2] 7[4  5]
316: 1[2  3  4  5  6] 2[1  5  4] 3[1] 4[1  2] 5[1  2  6  7] 6[1  7  5] 7[5  6]
317: 1[2  3  4  5  6] 2[1  6  7] 3[1  6  5  4] 4[1  3] 5[1  3] 6[1  3  7  2] 7[2  6]
318: 1[2  3  4  5] 2[1  3  6  7] 3[1  2  5  4] 4[1  3] 5[1  3] 6[2  7] 7[2  6]
319: 1[2  3  4  5  6] 2[1  7] 3[1  7] 4[1  7  6  5] 5[1  4  6] 6[1  5  4] 7[2  4  3]
320: 1[2  3  4  5] 2[1  6  3] 3[1  2  6] 4[1  7] 5[1  7] 6[2  7  3] 7[4  6  5]
321: 1[2  3  4] 2[1  5  6] 3[1  7] 4[1  7] 5[2  6] 6[2  5  7] 7[3  6  4]
322: 1[2  3  4  5  6] 2[1  4  3  7] 3[1  2] 4[1  2  6  5] 5[1  4  6] 6[1  5  4] 7[2]
323: 1[2  3  4  5  6  7] 2[1  5  4] 3[1] 4[1  2] 5[1  2  7  6] 6[1  5  7] 7[1  6  5]
324: 1[2  3  4  5  6] 2[1  7  3] 3[1  2  7] 4[1  7  6] 5[1] 6[1  4] 7[2  4  3]
325: 1[2  3  4  5] 2[1  6  7] 3[1  7  5] 4[1] 5[1  3] 6[2  7] 7[2  6  3]
326: 1[2  3  4  5  6] 2[1  6  7] 3[1  6  5] 4[1] 5[1  3] 6[1  3  7  2] 7[2  6]
327: 1[2  3  4  5] 2[1  6  7] 3[1  6  5] 4[1] 5[1  3] 6[2  3  7] 7[2  6]
328: 1[2  3  4  5] 2[1  3  6  7] 3[1  2  5] 4[1] 5[1  3] 6[2  7] 7[2  6]
329: 1[2  3  4  5  6  7] 2[1  4  3] 3[1  2  4] 4[1  3  2  5] 5[1  4  7  6] 6[1  5] 7[1  5]
330: 1[2  3  4  5  6] 2[1  7  3] 3[1  2  7  4] 4[1  3  6  5] 5[1  4] 6[1  4] 7[2  3]
331: 1[2  3  4  5  6] 2[1  6  3  7] 3[1  2] 4[1  6  5] 5[1  4  6] 6[1  5  4  2] 7[2]
332: 1[2  3  4  5] 2[1  5  4  6] 3[1  6] 4[1  2  5] 5[1  4  2] 6[2  3  7] 7[6]
333: 1[2  3  4  5  6] 2[1  6  3] 3[1  2  6] 4[1  5  7] 5[1  4] 6[1  3  2] 7[4]
334: 1[2  3  4  5] 2[1  6  3] 3[1  2  6] 4[1  5  7] 5[1  4] 6[2  3] 7[4]
335: 1[2  3  4  5  6  7] 2[1  7  3] 3[1  2  7] 4[1  6  5] 5[1  4] 6[1  4] 7[1  3  2]
336: 1[2  3  4  5  6] 2[1  7  3] 3[1  2  7] 4[1  6  5] 5[1  4] 6[1  4] 7[2  3]
337: 1[2  3  4  5] 2[1  6  7] 3[1  5  4] 4[1  3] 5[1  3] 6[2  7] 7[2  6]
338: 1[2  3  4  5  6] 2[1  7] 3[1  7] 4[1  6  5] 5[1  4  6] 6[1  5  4] 7[2  3]
339: 1[2  3  4  5] 2[1  6  3] 3[1  2  6] 4[1  7] 5[1  7] 6[2  3] 7[4  5]
340: 1[2  3  4  5  6  7] 2[1  7  6  3] 3[1  2  6  5] 4[1] 5[1  3  6] 6[1  5  3  2  7] 7[1  6  2]
341: 1[2  3  4  5  6] 2[1  7  5  4  3] 3[1  2  4] 4[1  3  2  5] 5[1  4  2  7] 6[1] 7[2  5]
342: 1[2  3  4  5  6] 2[1  6  5  7] 3[1] 4[1  7  5] 5[1  4  7  2  6] 6[1  5  2] 7[2  5  4]
343: 1[2  3  4  5] 2[1  5  6] 3[1] 4[1  7  5] 5[1  4  7  6  2] 6[2  5  7] 7[4  6  5]
344: 1[2  3  4  5  6  7] 2[1  7  3] 3[1  2  7] 4[1  7  6  5] 5[1  4] 6[1  4  7] 7[1  6  4  3  2]
345: 1[2  3  4  5  6] 2[1  7  5  4  3] 3[1  2  4] 4[1  3  2] 5[1  2  7  6] 6[1  5] 7[2  5]
346: 1[2  3  4  5] 2[1  6  3] 3[1  2  6] 4[1  6  7  5] 5[1  4] 6[2  7  4  3] 7[4  6]
347: 1[2  3  4] 2[1  5  6] 3[1  6  7  4] 4[1  3] 5[2  6] 6[2  5  7  3] 7[3  6]
348: 1[2  3  4  5  6] 2[1  6  4  3  7] 3[1  7  2] 4[1  2  6  5] 5[1  4] 6[1  4  2] 7[2  3]
349: 1[2  3  4  5] 2[1  4  6] 3[1  7  6] 4[1  6  2  5] 5[1  4] 6[2  4  3  7] 7[3  6]
350: 1[2  3  4  5] 2[1  4  3  6] 3[1  2  4] 4[1  3  2  5  7] 5[1  7  4] 6[2] 7[4  5]
351: 1[2  3  4] 2[1  5  4  3  6] 3[1  6  2] 4[1  2  5  7] 5[2  4] 6[2  3] 7[4]
352: 1[2  3  4] 2[1  4  3  5] 3[1  5  2] 4[1  2  6  7] 5[2  3] 6[4] 7[4]
353: 1[2  3  4] 2[1  4  5] 3[1  6  5] 4[1  5  2  7] 5[2  4  3  6] 6[3  5] 7[4]
354: 1[2  3  4  5] 2[1  5  3] 3[1  2  4  6] 4[1  6  3] 5[1  2  7] 6[3  4] 7[5]
355: 1[2  3  4] 2[1  4  5] 3[1  6  5] 4[1  2  7] 5[2  3  6] 6[3  5] 7[4]
356: 1[2  3  4  5  6] 2[1  5  3] 3[1  2  5  4  7] 4[1  7  3] 5[1  3  2] 6[1] 7[3  4]
357: 1[2  3  4  5] 2[1  4  6] 3[1  7  6] 4[1  6  2] 5[1] 6[2  4  3  7] 7[3  6]
358: 1[2  3  4  5  6] 2[1  3] 3[1  2  5  4  7] 4[1  7  3] 5[1  3] 6[1] 7[3  4]
359: 1[2  3  4  5  6] 2[1] 3[1  5  4  7] 4[1  7  3] 5[1  3] 6[1] 7[3  4]
360: 1[2  3  4  5  6] 2[1  5  3] 3[1  2  4  7] 4[1  7  3] 5[1  2] 6[1] 7[3  4]
361: 1[2  3  4  5] 2[1  6  3  7] 3[1  7  2] 4[1  6] 5[1] 6[2  4] 7[2  3]
362: 1[2  3  4  5  6] 2[1  5] 3[1  4  7] 4[1  7  3] 5[1  2] 6[1] 7[3  4]
363: 1[2  3  4  5  6] 2[1  5  3] 3[1  2  4  7] 4[1  7  3] 5[1  2  6] 6[1  5] 7[3  4]
364: 1[2  3  4  5  6] 2[1  6  7] 3[1  6  5  4] 4[1  3] 5[1  3  6] 6[1  5  3  7  2] 7[2  6]
365: 1[2  3  4  5] 2[1  5  3  6  7] 3[1  2  5  4] 4[1  3] 5[1  3  2] 6[2  7] 7[2  6]
366: 1[2  3  4  5  6] 2[1  4  3  7] 3[1  2  4] 4[1  3  2  6  5] 5[1  4  6] 6[1  5  4] 7[2]
367: 1[2  3  4  5] 2[1  6  5  4  3] 3[1  2  4] 4[1  3  2] 5[1  2  6  7] 6[2  5] 7[5]
368: 1[2  3  4  5] 2[1  5  3] 3[1  2  5] 4[1  5  6  7] 5[1  4  3  2] 6[4] 7[4]
369: 1[2  3  4  5  6  7] 2[1  7  3] 3[1  2  7] 4[1  7  6] 5[1] 6[1  4  7] 7[1  6  4  3  2]
370: 1[2  3  4  5  6] 2[1  7  5  4  3] 3[1  2  4] 4[1  3  2] 5[1  2  7] 6[1] 7[2  5]
371: 1[2  3  4  5] 2[1  6  3] 3[1  2  6] 4[1  6  7] 5[1] 6[2  7  4  3] 7[4  6]
372: 1[2  3  4] 2[1  5  6] 3[1  6  7] 4[1] 5[2  6] 6[2  5  7  3] 7[3  6]
373: 1[2  3  4  5  6] 2[1  6  7] 3[1  6  5] 4[1] 5[1  3  6] 6[1  5  3  7  2] 7[2  6]
374: 1[2  3  4  5] 2[1  5  3  6  7] 3[1  2  5] 4[1] 5[1  3  2] 6[2  7] 7[2  6]
375: 1[2  3  4] 2[1  3  5] 3[1  5  2] 4[1] 5[2  3  6  7] 6[5  7] 7[5  6]
376: 1[2  3  4  5  6] 2[1  3] 3[1  2  5  7  4] 4[1  3  7] 5[1  3] 6[1] 7[3  4]
377: 1[2  3  4  5] 2[1  5  3  6  7] 3[1  2] 4[1] 5[1  2] 6[2  7] 7[2  6]
378: 1[2  3  4] 2[1  5] 3[1  5] 4[1] 5[2  3  6  7] 6[5  7] 7[5  6]
379: 1[2  3  4  5] 2[1] 3[1  4  6  7] 4[1  3] 5[1] 6[3  7] 7[3  6]
380: 1[2  3  4  5  6] 2[1] 3[1  5  7  4] 4[1  3  7] 5[1  3] 6[1] 7[3  4]
381: 1[2  3  4  5] 2[1  6  7] 3[1  6] 4[1] 5[1] 6[2  3  7] 7[2  6]
382: 1[2  3  4  5  6  7] 2[1  7  3] 3[1  2] 4[1  7  6] 5[1] 6[1  4  7] 7[1  6  4  2]
383: 1[2  3  4  5  6] 2[1  7  5  3] 3[1  2  4] 4[1  3] 5[1  2  7] 6[1] 7[2  5]
384: 1[2  3  4  5] 2[1  6  3] 3[1  2] 4[1  6  7] 5[1] 6[2  7  4] 7[4  6]
385: 1[2  3  4  5  6] 2[1  6  7] 3[1  6  5] 4[1] 5[1  3  6] 6[1  5  3  2] 7[2]
386: 1[2  3  4  5] 2[1  6  4  3] 3[1  2  7] 4[1  2  6] 5[1] 6[2  4] 7[3]
387: 1[2  3  4] 2[1  5  6] 3[1  5  7] 4[1] 5[2  7  3] 6[2] 7[3  5]
388: 1[2  3  4  5] 2[1  5  3  6] 3[1  2  5] 4[1] 5[1  3  2] 6[2  7] 7[6]
389: 1[2  3  4] 2[1  3  5] 3[1  5  2] 4[1] 5[2  3  6] 6[5  7] 7[6]
390: 1[2  3  4  5  6  7] 2[1  6  3] 3[1  2  5  4] 4[1  3  5] 5[1  4  3] 6[1  2] 7[1]
391: 1[2  3  4  5  6] 2[1  7  4  3] 3[1  2  4] 4[1  3  2] 5[1  7] 6[1] 7[2  5]
392: 1[2  3  4  5] 2[1  6  3] 3[1  2  6] 4[1  7] 5[1] 6[2  7  3] 7[4  6]
393: 1[2  3  4] 2[1  5  6] 3[1  7] 4[1] 5[2  6] 6[2  5  7] 7[3  6]
394: 1[2  3  4  5  6] 2[1  6  7] 3[1  5] 4[1] 5[1  3  6] 6[1  5  7  2] 7[2  6]
395: 1[2  3  4  5] 2[1  6  7  3] 3[1  2  7] 4[1  6] 5[1] 6[2  4] 7[2  3]
396: 1[2  3  4] 2[1  5  6] 3[1  7] 4[1] 5[2  7  6] 6[2  5] 7[3  5]
397: 1[2  3  4  5] 2[1  5  6  7] 3[1  5] 4[1] 5[1  3  2] 6[2  7] 7[2  6]
398: 1[2  3  4] 2[1  3  5] 3[1  2] 4[1] 5[2  6  7] 6[5  7] 7[5  6]
399: 1[2  3  4  5  6  7] 2[1  6] 3[1  5  4] 4[1  3  5] 5[1  4  3] 6[1  2] 7[1]
400: 1[2  3  4  5  6] 2[1  7  3] 3[1  2  7] 4[1  6] 5[1] 6[1  4] 7[2  3]
401: 1[2  3  4  5] 2[1  6  7] 3[1  5] 4[1] 5[1  3] 6[2  7] 7[2  6]
402: 1[2  3  4  5  6  7] 2[1  7  6] 3[1  5  4] 4[1  3] 5[1  3  6] 6[1  5  2  7] 7[1  6  2]
403: 1[2  3  4  5  6] 2[1  7  4  3] 3[1  2  4] 4[1  3  2] 5[1  7  6] 6[1  5] 7[2  5]
404: 1[2  3  4  5] 2[1  6  3] 3[1  2  6] 4[1  7  5] 5[1  4] 6[2  7  3] 7[4  6]
405: 1[2  3  4] 2[1  5  6] 3[1  7  4] 4[1  3] 5[2  6] 6[2  5  7] 7[3  6]
406: 1[2  3  4  5] 2[1  5  6] 3[1  7  4] 4[1  3] 5[1  7  6  2] 6[2  5] 7[3  5]
407: 1[2  3  4] 2[1  5  6] 3[1  7  4] 4[1  3] 5[2  7  6] 6[2  5] 7[3  5]
408: 1[2  3  4  5] 2[1  6] 3[1  7  5  4] 4[1  3  5] 5[1  4  3] 6[2  7] 7[3  6]
409: 1[2  3  4] 2[1  5  3] 3[1  2  5] 4[1  6] 5[2  7  3] 6[4  7] 7[5  6]
410: 1[2  3  4  5  6] 2[1  6  7] 3[1  5  4] 4[1  3] 5[1  3  6] 6[1  5  7  2] 7[2  6]
411: 1[2  3  4  5  6] 2[1  7] 3[1  7  4] 4[1  3  6  5] 5[1  4  6] 6[1  5  4] 7[2  3]
412: 1[2  3  4  5  6] 2[1  3  7] 3[1  2  4] 4[1  3  6  5] 5[1  4  6] 6[1  5  4] 7[2]
413: 1[2  3  4  5  6  7] 2[1  7  3] 3[1  2  7  4] 4[1  3  6  5] 5[1  4] 6[1  4  7] 7[1  6  3  2]
414: 1[2  3  4  5  6] 2[1  7  4  3] 3[1  2  4] 4[1  3  2  5] 5[1  4  7  6] 6[1  5] 7[2  5]
415: 1[2  3  4  5] 2[1  6  3] 3[1  2  6  4] 4[1  3  7  5] 5[1  4] 6[2  7  3] 7[4  6]
416: 1[2  3  4  5  6] 2[1  5  7] 3[1  7  4] 4[1  3  7  5] 5[1  4  2  6] 6[1  5] 7[2  4  3]
417: 1[2  3  4  5] 2[1  6  7] 3[1  7  5  4] 4[1  3] 5[1  3  6] 6[2  5  7] 7[2  6  3]
418: 1[2  3  4] 2[1  5  3  6] 3[1  2  7] 4[1  7  5] 5[2  4  7] 6[2] 7[3  5  4]
419: 1[2  3  4  5] 2[1  5  6  7] 3[1  7] 4[1  7  6] 5[1  6  2] 6[2  5  4] 7[2  4  3]
420: 1[2  3  4] 2[1  5  6] 3[1  7] 4[1  7  5] 5[2  4  6] 6[2  5  7] 7[3  6  4]
421: 1[2  3  4  5] 2[1  5  3  6] 3[1  2  7] 4[1  7  5] 5[1  4  7  2] 6[2] 7[3  5  4]
422: 1[2  3  4  5  6] 2[1  6  3  7] 3[1  7  2  4] 4[1  3  6  5] 5[1  4] 6[1  4  2] 7[2  3]
423: 1[2  3  4  5] 2[1  6  5  7] 3[1  7] 4[1  7  5] 5[1  4  2  6] 6[2  5] 7[2  4  3]
424: 1[2  3  4  5] 2[1  5  3  6] 3[1  2  4] 4[1  3  5  7] 5[1  7  4  2] 6[2] 7[4  5]
425: 1[2  3  4  5  6] 2[1  6  4] 3[1] 4[1  2  5] 5[1  4  6  7] 6[1  7  5  2] 7[5  6]
426: 1[2  3  4  5] 2[1  6  3  7] 3[1  7  2  4] 4[1  3  6] 5[1] 6[2  4] 7[2  3]
427: 1[2  3  4  5  6] 2[1  6  7] 3[1  7  5  4] 4[1  3] 5[1  3  6] 6[1  5  7  2] 7[2  6  3]
428: 1[2  3  4  5] 2[1  6  3  7] 3[1  2  4] 4[1  3  6  5] 5[1  4  6] 6[2  5  4] 7[2]
429: 1[2  3  4  5  6] 2[1  7  4] 3[1] 4[1  2  5] 5[1  4  7  6] 6[1  5  7] 7[2  6  5]
430: 1[2  3  4  5] 2[1  6  7  3] 3[1  2  7] 4[1  7  6] 5[1] 6[2  4] 7[2  4  3]
431: 1[2  3  4] 2[1  5  6] 3[1  6  7] 4[1] 5[2  7  6] 6[2  5  3] 7[3  5]
432: 1[2  3  4  5  6] 2[1  6  5  7] 3[1  7] 4[1  7  5] 5[1  4  2  6] 6[1  5  2] 7[2  4  3]
433: 1[2  3  4  5] 2[1  6  4  3] 3[1  2  4] 4[1  3  2  7] 5[1  7] 6[2  7] 7[4  6  5]
434: 1[2  3  4] 2[1  5  3] 3[1  2  5  6] 4[1  6] 5[2  7  3] 6[3  7  4] 7[5  6]
435: 1[2  3  4  5] 2[1  5  6] 3[1  7] 4[1  7  5] 5[1  4  6  2] 6[2  5  7] 7[3  6  4]
436: 1[2  3  4  5  6] 2[1  6  3  7] 3[1  2  4] 4[1  3  6  5] 5[1  4  6] 6[1  5  4  2] 7[2]
437: 1[2  3  4  5] 2[1  5  4  6] 3[1  6  4] 4[1  3  2  5] 5[1  4  2] 6[2  3  7] 7[6]
438: 1[2  3  4  5  6  7] 2[1  7  3] 3[1  2  7  4] 4[1  3  6] 5[1] 6[1  4  7] 7[1  6  3  2]
439: 1[2  3  4  5  6] 2[1  7  4  3] 3[1  2  4] 4[1  3  2  5] 5[1  4  7] 6[1] 7[2  5]
440: 1[2  3  4  5] 2[1  6  3] 3[1  2  6  4] 4[1  3  7] 5[1] 6[2  7  3] 7[4  6]
441: 1[2  3  4  5] 2[1  5  4  6] 3[1] 4[1  7  2  5] 5[1  4  2] 6[2  7] 7[4  6]
442: 1[2  3  4  5  6  7] 2[1  7  6  3] 3[1  2  6  5  4] 4[1  3] 5[1  3  6] 6[1  5  3  2] 7[1  2]
443: 1[2  3  4  5  6] 2[1  7  5  4] 3[1  4] 4[1  3  2  5] 5[1  4  2  7  6] 6[1  5] 7[2  5]
444: 1[2  3  4  5] 2[1  5  3  6  7] 3[1  6  2  5] 4[1  5] 5[1  4  3  2] 6[2  3] 7[2]
445: 1[2  3  4] 2[1  4  3  5] 3[1  6  5  2] 4[1  2] 5[2  3  6  7] 6[3  5] 7[5]
446: 1[2  3  4  5  6] 2[1  5  7] 3[1  4] 4[1  3  7  5] 5[1  4  7  2  6] 6[1  5] 7[2  5  4]
447: 1[2  3  4  5] 2[1  5  6  3  7] 3[1  2  6] 4[1  5] 5[1  4  6  2] 6[2  5  3] 7[2]
448: 1[2  3  4] 2[1  4  5  6] 3[1  6  5] 4[1  2] 5[2  3  6] 6[2  5  3  7] 7[6]
449: 1[2  3  4] 2[1  4  5] 3[1  6  5] 4[1  2] 5[2  3  6] 6[3  7  5] 7[6]
450: 1[2  3  4  5] 2[1  5  6  3] 3[1  2  6  4  7] 4[1  3] 5[1  2] 6[2  3] 7[3]
451: 1[2  3  4] 2[1  4  5  6] 3[1  6] 4[1  2] 5[2  6] 6[2  5  3  7] 7[6]
452: 1[2  3  4  5  6] 2[1  6  7  3] 3[1  2  7  5  4] 4[1  3] 5[1  3] 6[1  2] 7[2  3]
453: 1[2  3  4  5  6] 2[1  7  6  3] 3[1  2  6  5  4] 4[1  3] 5[1  3  6] 6[1  5  3  2] 7[2]
454: 1[2  3  4  5] 2[1  6  4  3] 3[1  7  2  4] 4[1  3  2  6  5] 5[1  4] 6[2  4] 7[3]
455: 1[2  3  4] 2[1  4  3  5  6] 3[1  5  2  4] 4[1  7  3  2] 5[2  3] 6[2] 7[4]
456: 1[2  3] 2[1  4  3  5] 3[1  6  5  2] 4[2] 5[2  3  6  7] 6[3  5] 7[5]
457: 1[2  3  4] 2[1  5  4  3] 3[1  2  4  6] 4[1  7  3  2] 5[2] 6[3] 7[4]
458: 1[2  3  4] 2[1  5  4  3] 3[1  2  4  6  7] 4[1  3  2] 5[2] 6[3] 7[3]
459: 1[2  3  4] 2[1  5  4  3] 3[1  2  6  7] 4[1  2] 5[2] 6[3] 7[3]
460: 1[2  3  4] 2[1  5  4] 3[1  6  7] 4[1  2] 5[2] 6[3] 7[3]
461: 1[2  3  4  5] 2[1  5  4  3  6] 3[1  2  4] 4[1  3  2  5] 5[1  7  4  2] 6[2] 7[5]
462: 1[2  3  4] 2[1  5  4  6] 3[1  6  4] 4[1  3  6  2] 5[2] 6[2  4  3  7] 7[6]
463: 1[2  3  4  5] 2[1  6  5  3] 3[1  2  5  7] 4[1  5] 5[1  4  3  2] 6[2] 7[3]
464: 1[2  3  4  5  6] 2[1  7] 3[1  7  6  5  4] 4[1  3] 5[1  3  6] 6[1  5  3  7] 7[2  6  3]
465: 1[2  3  4  5] 2[1  6  4  7] 3[1  7] 4[1  7  2  6  5] 5[1  4] 6[2  4] 7[2  4  3]
466: 1[2  3  4] 2[1  5  3  6  7] 3[1  6  2  5] 4[1  5] 5[2  4  3] 6[2  3] 7[2]
467: 1[2  3  4] 2[1  5  3  6] 3[1  7  2  5] 4[1  5] 5[2  4  3] 6[2] 7[3]
468: 1[2  3  4] 2[1  5  6] 3[1  7  5] 4[1  5] 5[2  4  3] 6[2] 7[3]
469: 1[2  3  4  5] 2[1  6  4  7  3] 3[1  2] 4[1  2  6] 5[1  6] 6[2  5  4] 7[2]
470: 1[2  3  4  5] 2[1  6  7  3] 3[1  2] 4[1  6] 5[1  6] 6[2  5  4] 7[2]
471: 1[2  3  4] 2[1  5  3  6  7] 3[1  2  5] 4[1  5] 5[2  4  3] 6[2] 7[2]
472: 1[2  3  4] 2[1  5  6  7] 3[1  5] 4[1  5] 5[2  4  3] 6[2] 7[2]
473: 1[2  3  4  5] 2[1  4  6] 3[1  7] 4[1  7  6  2  5] 5[1  4] 6[2  4  7] 7[3  6  4]
474: 1[2  3  4] 2[1  5  6  3  7] 3[1  2  6] 4[1  5] 5[2  4  6] 6[2  5  3] 7[2]
475: 1[2  3  4  5] 2[1  6  7  3] 3[1  2] 4[1  7] 5[1  6] 6[2  5  7] 7[2  6  4]
476: 1[2  3  4  5] 2[1  6  7  4] 3[1] 4[1  2  7] 5[1  6] 6[2  5  7] 7[2  6  4]
477: 1[2  3  4  5] 2[1  6  4  3  7] 3[1  2  4] 4[1  3  2  6] 5[1  6] 6[2  5  4] 7[2]
478: 1[2  3  4  5  6] 2[1  7  5  3] 3[1  2] 4[1  5] 5[1  4  2  7] 6[1  7] 7[2  6  5]
479: 1[2  3  4  5  6] 2[1  6  7] 3[1  7] 4[1  7  5] 5[1  4] 6[1  2] 7[2  4  3]
480: 1[2  3  4  5] 2[1  6  7] 3[1  7] 4[1  7  5] 5[1  4] 6[2] 7[2  4  3]
481: 1[2  3  4  5  6] 2[1  7  5  3] 3[1  2] 4[1] 5[1  2  7] 6[1  7] 7[2  6  5]
482: 1[2  3  4  5] 2[1  6  4  7] 3[1] 4[1  2  6] 5[1  6] 6[2  5  4] 7[2]
483: 1[2  3  4  5  6] 2[1  7  5] 3[1] 4[1] 5[1  2  7] 6[1  7] 7[2  6  5]
484: 1[2  3  4  5  6] 2[1  7  5  4] 3[1] 4[1  2  5] 5[1  4  2  7] 6[1  7] 7[2  6  5]
485: 1[2  3  4  5] 2[1  6  4  7] 3[1  7] 4[1  7  2  6] 5[1] 6[2  4] 7[2  4  3]
486: 1[2  3  4  5  6] 2[1  6  5  7] 3[1  7] 4[1  7  5] 5[1  4  7  2] 6[1  2] 7[2  5  4  3]
487: 1[2  3  4  5] 2[1  6  7  4] 3[1  4] 4[1  3  2  7] 5[1  7] 6[2  7] 7[2  6  5  4]
488: 1[2  3  4  5] 2[1  6  7] 3[1  4] 4[1  3  7  6] 5[1  6] 6[2  5  4  7] 7[2  6  4]
489: 1[2  3  4  5] 2[1  6  5  7] 3[1  7] 4[1  7  5] 5[1  4  7  2] 6[2] 7[2  5  4  3]
490: 1[2  3  4  5  6] 2[1  6  4  3  7] 3[1  2  4] 4[1  3  2  6] 5[1  6] 6[1  5  4  2] 7[2]
491: 1[2  3  4  5] 2[1  5  4  6] 3[1  6  4] 4[1  3  6  2] 5[1  2] 6[2  4  3  7] 7[6]
492: 1[2  3  4  5  6  7] 2[1  7  6  3] 3[1  2  6  5] 4[1] 5[1  3  6] 6[1  5  3  2] 7[1  2]
493: 1[2  3  4  5  6] 2[1  7  5  4] 3[1  4] 4[1  3  2  5] 5[1  4  2  7] 6[1] 7[2  5]
494: 1[2  3  4  5] 2[1  5  4  6] 3[1] 4[1  7  6  2] 5[1  2] 6[2  4  7] 7[4  6]
495: 1[2  3  4  5  6] 2[1  5  7] 3[1  4] 4[1  3  7  5] 5[1  4  7  2] 6[1] 7[2  5  4]
496: 1[2  3  4  5] 2[1  5  6  7] 3[1] 4[1  7  6] 5[1  2] 6[2  4  7] 7[2  6  4]
497: 1[2  3  4  5  6] 2[1  7  6  3] 3[1  2  6  5] 4[1] 5[1  3  6] 6[1  5  3  2] 7[2]
498: 1[2  3  4  5] 2[1  6  4  3] 3[1  7  2  4] 4[1  3  2  6] 5[1] 6[2  4] 7[3]
499: 1[2  3  4  5] 2[1  6  5  4] 3[1] 4[1  2  5] 5[1  4  2  6] 6[2  7  5] 7[6]
500: 1[2  3  4  5] 2[1  6  5  7] 3[1] 4[1  7  5] 5[1  4  7  2] 6[2] 7[2  5  4]
501: 1[2  3  4  5  6] 2[1  6  5  7] 3[1] 4[1  7  5] 5[1  4  7  2] 6[1  2] 7[2  5  4]
502: 1[2  3  4  5  6  7] 2[1  7  5  4] 3[1  4] 4[1  3  2] 5[1  2  7  6] 6[1  5] 7[1  5  2]
503: 1[2  3  4  5  6] 2[1  7  5  4] 3[1  4] 4[1  3  2] 5[1  2  7  6] 6[1  5] 7[2  5]
504: 1[2  3  4  5  6] 2[1  5  7] 3[1  4] 4[1  3  7] 5[1  7  2  6] 6[1  5] 7[2  5  4]
505: 1[2  3  4  5] 2[1  6  3  7] 3[1  2  6] 4[1  5] 5[1  4  6] 6[2  5  3] 7[2]
506: 1[2  3  4  5  6] 2[1  7  6] 3[1  6  5  4] 4[1  3] 5[1  3  6] 6[1  5  3  2] 7[2]
507: 1[2  3  4  5] 2[1  6  4  3] 3[1  7  2] 4[1  2  6  5] 5[1  4] 6[2  4] 7[3]
508: 1[2  3  4  5] 2[1  4  6] 3[1  7  6] 4[1  6  2  5] 5[1  4] 6[2  4  3] 7[3]
509: 1[2  3  4  5] 2[1  4  3  6] 3[1  2  4] 4[1  3  2  5] 5[1  7  4] 6[2] 7[5]
510: 1[2  3  4] 2[1  5  4  3] 3[1  6  2] 4[1  2  5  7] 5[2  4] 6[3] 7[4]
511: 1[2  3  4] 2[1  4  3] 3[1  5  2] 4[1  2  6  7] 5[3] 6[4] 7[4]
512: 1[2  3  4  5  6] 2[1  7] 3[1  6  5  4] 4[1  3] 5[1  3  6] 6[1  5  3  7] 7[2  6]
513: 1[2  3  4  5] 2[1  6  4  7] 3[1  7] 4[1  2  6  5] 5[1  4] 6[2  4] 7[2  3]
514: 1[2  3  4  5  6] 2[1  7] 3[1  7  4] 4[1  3  7  6] 5[1  6] 6[1  5  4] 7[2  4  3]
515: 1[2  3  4  5] 2[1  6  7  4] 3[1  4] 4[1  3  2] 5[1  7] 6[2  7] 7[2  6  5]
516: 1[2  3  4  5] 2[1  6  7] 3[1  4] 4[1  3  7] 5[1  6] 6[2  5  7] 7[2  6  4]
517: 1[2  3  4  5  6] 2[1  4  3  7] 3[1  2  4] 4[1  3  2  6] 5[1  6] 6[1  5  4] 7[2]
518: 1[2  3  4  5] 2[1  6  5  4] 3[1  4] 4[1  3  2] 5[1  2  6  7] 6[2  5] 7[5]
519: 1[2  3  4  5  6  7] 2[1  7  5  4] 3[1  4] 4[1  3  2] 5[1  2  7] 6[1] 7[1  5  2]
520: 1[2  3  4  5  6] 2[1  7  5  4] 3[1  4] 4[1  3  2] 5[1  2  7] 6[1] 7[2  5]
521: 1[2  3  4  5  6] 2[1  5  7] 3[1  4] 4[1  3  7] 5[1  7  2] 6[1] 7[2  5  4]
522: 1[2  3  4  5  6] 2[1  7  6] 3[1  6  5] 4[1] 5[1  3  6] 6[1  5  3  2] 7[2]
523: 1[2  3  4  5] 2[1  6  4  3] 3[1  7  2] 4[1  2  6] 5[1] 6[2  4] 7[3]
524: 1[2  3  4  5] 2[1  4  6] 3[1  7  6] 4[1  6  2] 5[1] 6[2  4  3] 7[3]
525: 1[2  3  4  5  6] 2[1  7] 3[1  6  5] 4[1] 5[1  3  6] 6[1  5  3  7] 7[2  6]
526: 1[2  3  4  5] 2[1  6  4  7] 3[1  7] 4[1  2  6] 5[1] 6[2  4] 7[2  3]
527: 1[2  3  4  5] 2[1  4  6] 3[1  7] 4[1  6  2] 5[1] 6[2  4  7] 7[3  6]
528: 1[2  3  4  5  6  7] 2[1  6  3] 3[1  2  5] 4[1  5] 5[1  4  3  6] 6[1  5  2  7] 7[1  6]
529: 1[2  3  4  5  6] 2[1  7  4] 3[1  4] 4[1  3  2  5] 5[1  4  7  6] 6[1  5] 7[2  5]
530: 1[2  3  4  5] 2[1  6  5  3] 3[1  2  7  4] 4[1  3] 5[1  7  2] 6[2] 7[3  5]
531: 1[2  3  4  5  6] 2[1  7  6  3] 3[1  2  5  4] 4[1  3] 5[1  3  6] 6[1  5  2] 7[2]
532: 1[2  3  4  5] 2[1  6  4  3] 3[1  2] 4[1  2  5] 5[1  4  6] 6[2  7  5] 7[6]
533: 1[2  3  4  5] 2[1  5  3  6] 3[1  2  4] 4[1  3  5] 5[1  7  4  2] 6[2] 7[5]
534: 1[2  3  4  5  6] 2[1  7] 3[1  7  5  4] 4[1  3] 5[1  3  6] 6[1  5  7] 7[2  6  3]
535: 1[2  3  4  5] 2[1  6  7] 3[1  7] 4[1  7  6  5] 5[1  4] 6[2  4] 7[2  4  3]
536: 1[2  3  4  5] 2[1  4  6] 3[1  7] 4[1  7  2  5] 5[1  4] 6[2  7] 7[3  6  4]
537: 1[2  3  4] 2[1  5  3  6] 3[1  2  7] 4[1  5] 5[2  4  7] 6[2] 7[3  5]
538: 1[2  3  4  5] 2[1  6] 3[1  6  4] 4[1  3  7] 5[1  7] 6[2  7  3] 7[4  6  5]
539: 1[2  3  4] 2[1  5  6] 3[1  6] 4[1  7] 5[2  7] 6[2  7  3] 7[4  6  5]
540: 1[2  3  4  5] 2[1  6  3  7] 3[1  2  4] 4[1  3  6] 5[1  6] 6[2  5  4] 7[2]
541: 1[2  3  4  5  6] 2[1  7  4] 3[1] 4[1  2  5] 5[1  4  7] 6[1  7] 7[2  6  5]
542: 1[2  3  4  5] 2[1  6  7] 3[1  7] 4[1  7  6] 5[1] 6[2  4] 7[2  4  3]
543: 1[2  3  4  5] 2[1  4  6] 3[1  7] 4[1  7  2] 5[1] 6[2  7] 7[3  6  4]
544: 1[2  3  4  5  6  7] 2[1  6  3] 3[1  2  5] 4[1  5] 5[1  4  3] 6[1  2  7] 7[1  6]
545: 1[2  3  4  5  6] 2[1  7  4] 3[1  4] 4[1  3  2] 5[1  7  6] 6[1  5] 7[2  5]
546: 1[2  3  4  5] 2[1  6] 3[1  7  5] 4[1  5] 5[1  4  3] 6[2  7] 7[3  6]
547: 1[2  3  4  5  6] 2[1  7  6] 3[1  5  4] 4[1  3] 5[1  3  6] 6[1  5  2] 7[2]
548: 1[2  3  4  5] 2[1  6  3] 3[1  7  2] 4[1  6  5] 5[1  4] 6[2  4] 7[3]
549: 1[2  3  4  5] 2[1  4  6] 3[1  7  6] 4[1  2  5] 5[1  4] 6[2  3] 7[3]
550: 1[2  3  4  5] 2[1  6] 3[1  6  4] 4[1  3  5] 5[1  7  4] 6[2  3] 7[5]
551: 1[2  3  4  5] 2[1  3  6] 3[1  2  4] 4[1  3  5] 5[1  7  4] 6[2] 7[5]
552: 1[2  3  4  5  6] 2[1  7] 3[1  5  4] 4[1  3] 5[1  3  6] 6[1  5  7] 7[2  6]
553: 1[2  3  4  5] 2[1  6] 3[1  6  4] 4[1  3  7] 5[1  7] 6[2  3] 7[4  5]
554: 1[2  3  4  5  6  7] 2[1  7  3] 3[1  2  7] 4[1  7  6  5] 5[1  4  6] 6[1  5  4  7] 7[1  6  4  3  2]
555: 1[2  3  4  5  6] 2[1  6  7] 3[1  6  5  4] 4[1  3  5] 5[1  4  3  6] 6[1  5  3  7  2] 7[2  6]
556: 1[2  3  4  5] 2[1  5  3  6  7] 3[1  2  5  4] 4[1  3  5] 5[1  4  3  2] 6[2  7] 7[2  6]
557: 1[2  3  4] 2[1  4  3  5] 3[1  5  2  4] 4[1  3  2] 5[2  3  6  7] 6[5  7] 7[5  6]
558: 1[2  3  4  5  6] 2[1  7  3] 3[1  2  7  4] 4[1  3  7  6  5] 5[1  4  6] 6[1  5  4] 7[2  4  3]
559: 1[2  3  4  5  6] 2[1  4  3  7] 3[1  7  2  4] 4[1  3  2  6  5] 5[1  4  6] 6[1  5  4] 7[2  3]
560: 1[2  3  4  5] 2[1  6  5  7] 3[1  7  4] 4[1  3  7] 5[1  7  2  6] 6[2  5] 7[2  5  4  3]
561: 1[2  3  4  5  6] 2[1  6  7] 3[1  7  6  5  4] 4[1  3  5] 5[1  4  3] 6[1  3  7  2] 7[2  6  3]
562: 1[2  3  4  5] 2[1  6  3] 3[1  2  6] 4[1  6  7  5] 5[1  4  7] 6[2  7  4  3] 7[4  6  5]
563: 1[2  3  4  5  6] 2[1  6  5  7] 3[1  7  4] 4[1  3  7] 5[1  7  2  6] 6[1  5  2] 7[2  5  4  3]
564: 1[2  3  4  5  6] 2[1  6  4  3  7] 3[1  7  2] 4[1  2  6  5] 5[1  4  6] 6[1  5  4  2] 7[2  3]
565: 1[2  3  4  5] 2[1  5  4  6] 3[1  7  6] 4[1  6  2  5] 5[1  4  2] 6[2  4  3  7] 7[3  6]
566: 1[2  3  4  5  6] 2[1  6  5  3] 3[1  2  4  7] 4[1  7  3] 5[1  2  6] 6[1  5  2] 7[3  4]
567: 1[2  3  4  5] 2[1  5  4  6] 3[1  7  6] 4[1  2  5] 5[1  4  2] 6[2  3  7] 7[3  6]
568: 1[2  3  4  5  6] 2[1  6  3] 3[1  2  6] 4[1  5  7] 5[1  7  4] 6[1  3  2] 7[4  5]
569: 1[2  3  4  5] 2[1  6  3] 3[1  2  6] 4[1  5  7] 5[1  7  4] 6[2  3] 7[4  5]
570: 1[2  3  4  5  6  7] 2[1  7  6] 3[1  6  5  4] 4[1  3  5] 5[1  4  3] 6[1  3  2  7] 7[1  6  2]
571: 1[2  3  4  5  6] 2[1  6  7] 3[1  6  5  4] 4[1  3  5] 5[1  4  3] 6[1  3  7  2] 7[2  6]
572: 1[2  3  4  5] 2[1  3  6  7] 3[1  2  5  4] 4[1  3  5] 5[1  4  3] 6[2  7] 7[2  6]
573: 1[2  3  4  5  6] 2[1  7  3] 3[1  2  7] 4[1  7  6  5] 5[1  4  6] 6[1  5  4] 7[2  4  3]
574: 1[2  3  4  5] 2[1  6  7] 3[1  7  5  4] 4[1  3  5] 5[1  4  3] 6[2  7] 7[2  6  3]
575: 1[2  3  4  5] 2[1  6  3] 3[1  2  6] 4[1  7  5] 5[1  4  7] 6[2  7  3] 7[4  6  5]
576: 1[2  3  4  5  6] 2[1  4  3  7] 3[1  7  2] 4[1  2  6  5] 5[1  4  6] 6[1  5  4] 7[2  3]
577: 1[2  3  4  5  6  7] 2[1  7  4  3] 3[1  2  4] 4[1  3  2] 5[1  7  6] 6[1  5  7] 7[1  6  5  2]
578: 1[2  3  4  5  6] 2[1  6  7] 3[1  5  4] 4[1  3  5] 5[1  4  3  6] 6[1  5  7  2] 7[2  6]
579: 1[2  3  4  5  6  7] 2[1  4  3] 3[1  2  4] 4[1  3  2] 5[1  7  6] 6[1  5  7] 7[1  6  5]
580: 1[2  3  4  5  6] 2[1  6  7] 3[1  5  4] 4[1  3  5] 5[1  4  3] 6[1  7  2] 7[2  6]
581: 1[2  3  4  5] 2[1  6  3] 3[1  2  6] 4[1  7  5] 5[1  4  7] 6[2  3] 7[4  5]
582: 1[2  3  4  5] 2[1  6  7] 3[1  5  4] 4[1  3  5] 5[1  4  3] 6[2  7] 7[2  6]
583: 1[2  3  4  5  6  7] 2[1  7  3] 3[1  2  7  4] 4[1  3  7  6] 5[1  6] 6[1  5  4  7] 7[1  6  4  3  2]
584: 1[2  3  4  5  6] 2[1  7] 3[1  7  6  5  4] 4[1  3  5] 5[1  4  3  6] 6[1  5  3  7] 7[2  6  3]
585: 1[2  3  4  5] 2[1  6  3] 3[1  2  6  4] 4[1  3  6  7] 5[1  7] 6[2  7  4  3] 7[4  6  5]
586: 1[2  3  4  5] 2[1  5  4  6] 3[1  7] 4[1  7  6  2  5] 5[1  4  2] 6[2  4  7] 7[3  6  4]
587: 1[2  3  4] 2[1  5  3] 3[1  2  5  6] 4[1  7] 5[2  7  6  3] 6[3  5  7] 7[4  6  5]
588: 1[2  3  4] 2[1  4  5] 3[1  6] 4[1  6  7  5  2] 5[2  4  7] 6[3  7  4] 7[4  6  5]
589: 1[2  3  4  5  6] 2[1  6  5  7] 3[1  7  4] 4[1  3  7  5] 5[1  4  7  2] 6[1  2] 7[2  5  4  3]
590: 1[2  3  4  5] 2[1  5  6  7] 3[1  4] 4[1  3  7  6] 5[1  6  2] 6[2  5  4  7] 7[2  6  4]
591: 1[2  3  4  5] 2[1  6  5  7] 3[1  7  4] 4[1  3  7  5] 5[1  4  7  2] 6[2] 7[2  5  4  3]
592: 1[2  3  4  5  6] 2[1  6  4  3  7] 3[1  7  2  4] 4[1  3  2  6] 5[1  6] 6[1  5  4  2] 7[2  3]
593: 1[2  3  4  5] 2[1  5  4  6] 3[1  7  6  4] 4[1  3  6  2] 5[1  2] 6[2  4  3  7] 7[3  6]
594: 1[2  3  4  5] 2[1  6  5  7] 3[1  4] 4[1  3  7  5] 5[1  4  7  2  6] 6[2  5] 7[2  5  4]
595: 1[2  3  4] 2[1  4  5  6] 3[1  7  6  5] 4[1  2] 5[2  3  6] 6[2  5  3  7] 7[3  6]
596: 1[2  3  4  5] 2[1  5  6  3] 3[1  2  6  4  7] 4[1  7  3] 5[1  2] 6[2  3] 7[3  4]
597: 1[2  3  4  5] 2[1  5  6  3] 3[1  2  6  7] 4[1  7] 5[1  2] 6[2  3] 7[3  4]
598: 1[2  3  4  5] 2[1  6  5  3] 3[1  2  5  4  7] 4[1  7  3  5] 5[1  4  3  2] 6[2] 7[3  4]
599: 1[2  3  4] 2[1  5  4  6] 3[1  7  6  4] 4[1  3  6  2] 5[2] 6[2  4  3  7] 7[3  6]
600: 1[2  3  4  5  6] 2[1  6  7] 3[1  7  6  5] 4[1  5] 5[1  4  3  6] 6[1  5  3  7  2] 7[2  6  3]
601: 1[2  3  4  5] 2[1  5  4  6] 3[1  6  7] 4[1  7  6  2] 5[1  2] 6[2  4  7  3] 7[3  6  4]
602: 1[2  3  4  5] 2[1  5  3  6  7] 3[1  6  2  5] 4[1  5] 5[1  4  3  2] 6[2  3  7] 7[2  6]
603: 1[2  3  4] 2[1  4  3  5] 3[1  6  5  2] 4[1  2] 5[2  3  6  7] 6[3  7  5] 7[5  6]
604: 1[2  3  4  5] 2[1  6  5  3] 3[1  2  5  7  4] 4[1  3  7] 5[1  7  3  2] 6[2] 7[3  5  4]
605: 1[2  3  4  5  6] 2[1  6  5  7] 3[1  4] 4[1  3  7  5] 5[1  4  7  2  6] 6[1  5  2] 7[2  5  4]
606: 1[2  3  4  5] 2[1  5  6] 3[1  4] 4[1  3  7  5] 5[1  4  7  6  2] 6[2  5  7] 7[4  6  5]
607: 1[2  3  4  5  6] 2[1  6  7  3] 3[1  2  7  5  4] 4[1  3  5] 5[1  4  3] 6[1  2] 7[2  3]
608: 1[2  3  4  5] 2[1  5  6] 3[1  4] 4[1  3  7  5] 5[1  4  7  6  2] 6[2  5] 7[4  5]
609: 1[2  3  4  5] 2[1  5] 3[1  4] 4[1  3  6  5] 5[1  4  6  7  2] 6[4  5] 7[5]
610: 1[2  3  4  5] 2[1  5] 3[1  4] 4[1  3  6  5] 5[1  4  7  2] 6[4] 7[5]
611: 1[2  3  4  5] 2[1  5  6] 3[1  4] 4[1  3  7  5] 5[1  4  7  2] 6[2] 7[4  5]
612: 1[2  3  4  5  6] 2[1  7  6  3] 3[1  2  6  5  4] 4[1  3  5] 5[1  4  3  6] 6[1  5  3  2] 7[2]
613: 1[2  3  4  5  6  7] 2[1  7  6  3] 3[1  2  6  5] 4[1  5] 5[1  4  3] 6[1  3  2  7] 7[1  6  2]
614: 1[2  3  4  5  6] 2[1  7] 3[1  6  5  4] 4[1  3  5] 5[1  4  3  6] 6[1  5  3  7] 7[2  6]
615: 1[2  3  4  5] 2[1  6  3] 3[1  2  6  4] 4[1  3  6  7] 5[1  7] 6[2  4  3] 7[4  5]
616: 1[2  3  4  5] 2[1  5  4  6] 3[1  7] 4[1  6  2  5] 5[1  4  2] 6[2  4  7] 7[3  6]
617: 1[2  3  4] 2[1  5  3] 3[1  2  5  6] 4[1  7] 5[2  6  3] 6[3  5  7] 7[4  6]
618: 1[2  3  4  5  6] 2[1  7  3] 3[1  2  7  4] 4[1  3  7  6] 5[1  6] 6[1  5  4] 7[2  4  3]
619: 1[2  3  4  5] 2[1  5  6  7] 3[1  4] 4[1  3  7] 5[1  6  2] 6[2  5  7] 7[2  6  4]
620: 1[2  3  4] 2[1  5  6] 3[1  4] 4[1  3  7] 5[2  7  6] 6[2  5  7] 7[4  6  5]
621: 1[2  3  4  5  6] 2[1  4  3  7] 3[1  7  2  4] 4[1  3  2  6] 5[1  6] 6[1  5  4] 7[2  3]
622: 1[2  3  4  5] 2[1  6  5  4] 3[1  4] 4[1  3  2] 5[1  2  6  7] 6[2  7  5] 7[5  6]
623: 1[2  3  4  5] 2[1  6  5  7] 3[1  4] 4[1  3  7] 5[1  7  2  6] 6[2  5] 7[2  5  4]
624: 1[2  3  4  5] 2[1  6  5] 3[1  5  4  7] 4[1  7  3  5] 5[1  4  3  2] 6[2] 7[3  4]
625: 1[2  3  4  5  6] 2[1  6  7] 3[1  7  6  5] 4[1  5] 5[1  4  3] 6[1  3  7  2] 7[2  6  3]
626: 1[2  3  4  5] 2[1  6  7] 3[1  7  6  5] 4[1  5] 5[1  4  3] 6[2  3  7] 7[2  6  3]
627: 1[2  3  4  5] 2[1  6  5] 3[1  5  7  4] 4[1  3  7] 5[1  7  3  2] 6[2] 7[3  5  4]
628: 1[2  3  4  5  6] 2[1  6  5  7] 3[1  4] 4[1  3  7] 5[1  7  2  6] 6[1  5  2] 7[2  5  4]
629: 1[2  3  4  5] 2[1  5  6] 3[1  4] 4[1  3  7] 5[1  7  6  2] 6[2  5  7] 7[4  6  5]
630: 1[2  3  4  5  6] 2[1  7  6] 3[1  6  5  4] 4[1  3  5] 5[1  4  3  6] 6[1  5  3  2] 7[2]
631: 1[2  3  4  5] 2[1  6  3] 3[1  2  6  4] 4[1  3  6  5] 5[1  7  4] 6[2  4  3] 7[5]
632: 1[2  3  4  5  6  7] 2[1  7  6] 3[1  6  5] 4[1  5] 5[1  4  3  6] 6[1  5  3  2  7] 7[1  6  2]
633: 1[2  3  4  5  6] 2[1  7] 3[1  7  6  5  4] 4[1  3  5] 5[1  4  3] 6[1  3  7] 7[2  6  3]
634: 1[2  3  4  5  6] 2[1  7] 3[1  7  6  4] 4[1  3  5] 5[1  4] 6[1  3  7] 7[2  6  3]
635: 1[2  3  4  5] 2[1  5  6] 3[1  5  7] 4[1  7] 5[1  7  3  2] 6[2] 7[3  5  4]
636: 1[2  3  4  5  6] 2[1  3] 3[1  2] 4[1  6  7] 5[1  7] 6[1  7  4] 7[4  6  5]
637: 1[2  3  4  5] 2[1  6] 3[1  5  7] 4[1  7] 5[1  7  3] 6[2] 7[3  5  4]
638: 1[2  3  4  5] 2[1  6  3] 3[1  2  6] 4[1  6  7] 5[1  7] 6[2  7  4  3] 7[4  6  5]
639: 1[2  3  4  5] 2[1  5  6] 3[1  5  7] 4[1  7] 5[1  7  3  6  2] 6[2  5] 7[3  5  4]
640: 1[2  3  4] 2[1  5  3  6  7] 3[1  2  5] 4[1  5] 5[2  4  3] 6[2  7] 7[2  6]
641: 1[2  3  4] 2[1  5  3  6] 3[1  2  5] 4[1  5] 5[2  4  3] 6[2  7] 7[6]
642: 1[2  3  4] 2[1  5  6  7] 3[1  5] 4[1  5] 5[2  4  3] 6[2  7] 7[2  6]
643: 1[2  3  4  5] 2[1  6  7  3] 3[1  2  7] 4[1  6] 5[1  6] 6[2  5  4] 7[2  3]
644: 1[2  3  4  5  6] 2[1  6  5  7] 3[1  7  4] 4[1  3  7] 5[1  7  2] 6[1  2] 7[2  5  4  3]
645: 1[2  3  4  5] 2[1  6  5  7] 3[1  7  4] 4[1  3  7] 5[1  7  2] 6[2] 7[2  5  4  3]
646: 1[2  3  4  5  6] 2[1  5  7] 3[1  7  4] 4[1  3  7] 5[1  7  2] 6[1] 7[2  5  4  3]
647: 1[2  3  4  5  6] 2[1  6  4  3  7] 3[1  7  2] 4[1  2  6] 5[1  6] 6[1  5  4  2] 7[2  3]
648: 1[2  3  4  5] 2[1  5  4  6] 3[1  7  6] 4[1  6  2] 5[1  2] 6[2  4  3  7] 7[3  6]
649: 1[2  3  4  5] 2[1  6  5  3] 3[1  2  5  4  7] 4[1  7  3] 5[1  3  2] 6[2] 7[3  4]
650: 1[2  3  4] 2[1  5  4  6] 3[1  7  6] 4[1  6  2] 5[2] 6[2  4  3  7] 7[3  6]
651: 1[2  3  4] 2[1  5  4] 3[1  6  7] 4[1  7  2] 5[2] 6[3  7] 7[3  6  4]
652: 1[2  3  4  5  6] 2[1  6  7] 3[1  6  5] 4[1  5] 5[1  4  3  6] 6[1  5  3  7  2] 7[2  6]
653: 1[2  3  4  5] 2[1  5  3  6  7] 3[1  2  5] 4[1  5] 5[1  4  3  2] 6[2  7] 7[2  6]
654: 1[2  3  4] 2[1  4  3  5] 3[1  5  2] 4[1  2] 5[2  3  6  7] 6[5  7] 7[5  6]
655: 1[2  3  4] 2[1  4  3] 3[1  5  2] 4[1  2] 5[3  6  7] 6[5  7] 7[5  6]
656: 1[2  3  4  5] 2[1  5  4  3] 3[1  2  6  7] 4[1  2] 5[1  2] 6[3  7] 7[3  6]
657: 1[2  3  4  5] 2[1  6  5  3] 3[1  2  5  7  4] 4[1  3  7] 5[1  3  2] 6[2] 7[3  4]
658: 1[2  3  4] 2[1  4  3  5  6] 3[1  2  4] 4[1  7  3  2] 5[2  6] 6[2  5] 7[4]
659: 1[2  3  4] 2[1  5  4  3] 3[1  2  4  6] 4[1  3  2] 5[2] 6[3  7] 7[6]
660: 1[2  3  4  5] 2[1  6  5  3] 3[1  2  5  4] 4[1  3  7] 5[1  3  2] 6[2] 7[4]
661: 1[2  3  4  5  6] 2[1  7  6  3] 3[1  2  6  5  4] 4[1  3  5] 5[1  4  3] 6[1  3  2] 7[2]
662: 1[2  3  4  5  6  7] 2[1  7  6] 3[1  6  5  4] 4[1  3  5] 5[1  4  3] 6[1  3  2] 7[1  2]
663: 1[2  3  4  5  6] 2[1  7] 3[1  6  5  4] 4[1  3  5] 5[1  4  3] 6[1  3  7] 7[2  6]
664: 1[2  3  4  5] 2[1  6  3] 3[1  2  6] 4[1  6  7] 5[1  7] 6[2  4  3] 7[4  5]
665: 1[2  3  4  5  6] 2[1  7  3] 3[1  2  7] 4[1  7  6] 5[1  6] 6[1  5  4] 7[2  4  3]
666: 1[2  3  4  5] 2[1  6  7] 3[1  7  5] 4[1  5] 5[1  4  3] 6[2  7] 7[2  6  3]
667: 1[2  3  4  5  6] 2[1  4  3  7] 3[1  7  2] 4[1  2  6] 5[1  6] 6[1  5  4] 7[2  3]
668: 1[2  3  4  5] 2[1  6  5] 3[1  5  4  7] 4[1  7  3] 5[1  3  2] 6[2] 7[3  4]
669: 1[2  3  4  5  6] 2[1  6  7] 3[1  6  5] 4[1  5] 5[1  4  3] 6[1  3  7  2] 7[2  6]
670: 1[2  3  4  5] 2[1  6  7] 3[1  6  5] 4[1  5] 5[1  4  3] 6[2  3  7] 7[2  6]
671: 1[2  3  4  5] 2[1  3  6  7] 3[1  2  5] 4[1  5] 5[1  4  3] 6[2  7] 7[2  6]
672: 1[2  3  4  5  6] 2[1  7  6] 3[1  6  5  4] 4[1  3  5] 5[1  4  3] 6[1  3  2] 7[2]
673: 1[2  3  4  5] 2[1  6  3] 3[1  2  6] 4[1  6  5] 5[1  7  4] 6[2  4  3] 7[5]
674: 1[2  3  4  5] 2[1  5  6] 3[1  5  4] 4[1  7  3] 5[1  3  6  2] 6[2  5] 7[4]
675: 1[2  3  4] 2[1  3  5  6] 3[1  2  4] 4[1  7  3] 5[2  6] 6[2  5] 7[4]
676: 1[2  3  4  5  6  7] 2[1  7  5  4] 3[1  4] 4[1  3  2] 5[1  2  7] 6[1  7] 7[1  6  5  2]
677: 1[2  3  4  5  6] 2[1  7] 3[1  7  6  5] 4[1  5] 5[1  4  3] 6[1  3  7] 7[2  6  3]
678: 1[2  3  4  5] 2[1  6  5] 3[1  5  7] 4[1  7] 5[1  7  3  2] 6[2] 7[3  5  4]
679: 1[2  3  4  5] 2[1  6] 3[1  5  7] 4[1  7] 5[1  7  3  6] 6[2  5] 7[3  5  4]
680: 1[2  3  4  5  6] 2[1  6  5  7] 3[1  4] 4[1  3  7] 5[1  7  2] 6[1  2] 7[2  5  4]
681: 1[2  3  4  5] 2[1  6] 3[1  4] 4[1  3  7] 5[1  7  6] 6[2  5  7] 7[4  6  5]
682: 1[2  3  4  5  6] 2[1  7  6] 3[1  6  5] 4[1  5] 5[1  4  3  6] 6[1  5  3  2] 7[2]
683: 1[2  3  4  5] 2[1  6  5  3] 3[1  2  5  4] 4[1  7  3] 5[1  3  2] 6[2] 7[4]
684: 1[2  3  4  5  6] 2[1  7] 3[1  6  5] 4[1  5] 5[1  4  3  6] 6[1  5  3  7] 7[2  6]
685: 1[2  3  4  5] 2[1  5  4  6] 3[1  7] 4[1  6  2] 5[1  2] 6[2  4  7] 7[3  6]
686: 1[2  3  4  5] 2[1  6  5  3] 3[1  2  5  7] 4[1  7] 5[1  3  2] 6[2] 7[3  4]
687: 1[2  3  4  5  6] 2[1  7  6  3] 3[1  2  6  5] 4[1  5] 5[1  4  3] 6[1  3  2] 7[2]
688: 1[2  3  4  5] 2[1  6  5  4] 3[1  4] 4[1  3  2] 5[1  2  6] 6[2  7  5] 7[6]
689: 1[2  3  4  5] 2[1  6  5  7] 3[1  4] 4[1  3  7] 5[1  7  2] 6[2] 7[2  5  4]
690: 1[2  3  4  5  6  7] 2[1  7  6] 3[1  6  5] 4[1  5] 5[1  4  3] 6[1  3  2] 7[1  2]
691: 1[2  3  4  5  6] 2[1  7] 3[1  6  5] 4[1  5] 5[1  4  3] 6[1  3  7] 7[2  6]
692: 1[2  3  4  5] 2[1  6  5] 3[1  5  7] 4[1  7] 5[1  3  2] 6[2] 7[3  4]
693: 1[2  3  4  5] 2[1  6] 3[1  5  7] 4[1  7] 5[1  3  6] 6[2  5] 7[3  4]
694: 1[2  3  4  5  6] 2[1  7  6] 3[1  6  5] 4[1  5] 5[1  4  3] 6[1  3  2] 7[2]
695: 1[2  3  4  5] 2[1  6  5] 3[1  5  4] 4[1  7  3] 5[1  3  2] 6[2] 7[4]
696: 1[2  3  4  5  6  7] 2[1  7  6  3] 3[1  2  6  4] 4[1  3  5] 5[1  4] 6[1  3  2] 7[1  2]
697: 1[2  3  4  5  6] 2[1  6  7] 3[1  6  5] 4[1  5] 5[1  4  3  6] 6[1  5  3  2] 7[2]
698: 1[2  3  4  5] 2[1  5  3  6] 3[1  2  5] 4[1  5] 5[1  4  3  2] 6[2  7] 7[6]
699: 1[2  3  4  5  6] 2[1  7  6  3] 3[1  2  6  4] 4[1  3  5] 5[1  4] 6[1  3  2] 7[2]
700: 1[2  3  4  5] 2[1  6  5  3] 3[1  2  4] 4[1  3] 5[1  2  6] 6[2  7  5] 7[6]
701: 1[2  3  4  5  6  7] 2[1  3] 3[1  2  7  4] 4[1  3  7  6] 5[1  6] 6[1  5  4  7] 7[1  6  4  3]
702: 1[2  3  4  5  6] 2[1  7] 3[1  7  6  5] 4[1  5] 5[1  4  3  6] 6[1  5  3  7] 7[2  6  3]
703: 1[2  3  4  5] 2[1  6  5  3] 3[1  2  5  7] 4[1  7] 5[1  7  3  2] 6[2] 7[3  5  4]
704: 1[2  3  4  5] 2[1  6] 3[1  6  5  7] 4[1  7] 5[1  7  3  6] 6[2  5  3] 7[3  5  4]
705: 1[2  3  4  5] 2[1  5  4  6] 3[1  7] 4[1  7  6  2] 5[1  2] 6[2  4  7] 7[3  6  4]
706: 1[2  3  4  5  6] 2[1  6  5  7] 3[1  4] 4[1  3  7  5] 5[1  4  7  2] 6[1  2] 7[2  5  4]
707: 1[2  3  4  5] 2[1  5  6  7] 3[1  4] 4[1  3  7  6] 5[1  2] 6[2  4  7] 7[2  6  4]
708: 1[2  3  4  5  6] 2[1  7  6  3] 3[1  2  6  5] 4[1  5] 5[1  4  3  6] 6[1  5  3  2] 7[2]
709: 1[2  3  4  5] 2[1  6  5  4] 3[1  4] 4[1  3  2  5] 5[1  4  2  6] 6[2  7  5] 7[6]
710: 1[2  3  4  5] 2[1  6  5  7] 3[1  4] 4[1  3  7  5] 5[1  4  7  2] 6[2] 7[2  5  4]
711: 1[2  3  4  5] 2[1  6  5] 3[1  4] 4[1  3  7  5] 5[1  4  7  2] 6[2] 7[4  5]
712: 1[2  3  4  5] 2[1  6  5  3] 3[1  2  5  4] 4[1  7  3  5] 5[1  4  3  2] 6[2] 7[4]
713: 1[2  3  4  5  6  7] 2[1  7  6  3] 3[1  2  5  4] 4[1  3  5] 5[1  4  3  6] 6[1  5  2  7] 7[1  6  2]
714: 1[2  3  4  5  6] 2[1  6  7] 3[1  7  5  4] 4[1  3  5] 5[1  4  3  6] 6[1  5  7  2] 7[2  6  3]
715: 1[2  3  4  5] 2[1  6  3] 3[1  2  6  4] 4[1  3  7  5] 5[1  4  7] 6[2  7  3] 7[4  6  5]
716: 1[2  3  4  5] 2[1  5  4  6] 3[1  6  7] 4[1  7  2  5] 5[1  4  2] 6[2  7  3] 7[3  6  4]
717: 1[2  3  4  5  6] 2[1  6  3  7] 3[1  7  2  4] 4[1  3  6  5] 5[1  4  6] 6[1  5  4  2] 7[2  3]
718: 1[2  3  4  5  6  7] 2[1  7  4  3] 3[1  2  4] 4[1  3  2  7  6  5] 5[1  4  6] 6[1  5  4  7] 7[1  6  4  2]
719: 1[2  3  4  5  6] 2[1  6  4  7] 3[1  7  4] 4[1  3  7  2  6  5] 5[1  4  6] 6[1  5  4  2] 7[2  4  3]
720: 1[2  3  4  5] 2[1  6  7  5  4  3] 3[1  2  4] 4[1  3  2  5] 5[1  4  2  7] 6[2  7] 7[2  6  5]
721: 1[2  3  4] 2[1  5  3] 3[1  2  5  4] 4[1  3  5  6] 5[2  7  6  4  3] 6[4  5  7] 7[5  6]
722: 1[2  3  4] 2[1  3] 3[1  2  5  4] 4[1  3  5  6] 5[3  7  6  4] 6[4  5  7] 7[5  6]
723: 1[2  3  4  5] 2[1  5  3] 3[1  2  5  4] 4[1  3  5  6] 5[1  6  4  3  2] 6[4  5  7] 7[6]
724: 1[2  3  4] 2[1  5  3] 3[1  2  5  4] 4[1  3  5  6] 5[2  6  4  3] 6[4  5  7] 7[6]
725: 1[2  3  4  5] 2[1  5  3] 3[1  2  5  4] 4[1  3  5  6] 5[1  4  3  2] 6[4  7] 7[6]
726: 1[2  3  4  5] 2[1  6  7] 3[1  7  4] 4[1  3  7  5] 5[1  4  7  6] 6[2  5  7] 7[2  6  5  4  3]
727: 1[2  3  4  5] 2[1  6  7] 3[1  7  4] 4[1  3  5] 5[1  4  7  6] 6[2  5  7] 7[2  6  5  3]
728: 1[2  3  4  5] 2[1  5  6  3] 3[1  2  7] 4[1  7  6] 5[1  6  2] 6[2  5  4  7] 7[3  6  4]
729: 1[2  3  4  5] 2[1  5  3] 3[1  2  6] 4[1  6  7] 5[1  7  2] 6[3  7  4] 7[4  6  5]
730: 1[2  3  4  5] 2[1  5  6  4  3  7] 3[1  7  2  4] 4[1  3  2  6] 5[1  6  2] 6[2  5  4] 7[2  3]
731: 1[2  3  4] 2[1  5  6] 3[1  7  6  4] 4[1  3  6  5] 5[2  4  6] 6[2  5  4  3  7] 7[3  6]
732: 1[2  3  4] 2[1  5] 3[1  6  7  4] 4[1  3  7  5] 5[2  4  7] 6[3  7] 7[3  6  5  4]
733: 1[2  3  4  5] 2[1  6  3] 3[1  2  6  5  7] 4[1  7  5] 5[1  4  3  6] 6[2  5  3] 7[3  4]
734: 1[2  3  4] 2[1  5  6] 3[1  7  4] 4[1  3  6  5] 5[2  4  6] 6[2  5  4  7] 7[3  6]
735: 1[2  3  4] 2[1  5  6] 3[1  7  4] 4[1  3  5] 5[2  4  6] 6[2  5  7] 7[3  6]
736: 1[2  3  4] 2[1  5] 3[1  6  4] 4[1  3  7  5] 5[2  4  7] 6[3  7] 7[4  6  5]
737: 1[2  3  4  5] 2[1  6  5  3] 3[1  2  5  7] 4[1  7  5] 5[1  4  7  3  2] 6[2] 7[3  5  4]
738: 1[2  3  4  5] 2[1  6  3] 3[1  2  5  7] 4[1  7  5] 5[1  4  7  3] 6[2] 7[3  5  4]
739: 1[2  3  4  5] 2[1  6  5  3] 3[1  2  5  7] 4[1  7  5] 5[1  4  3  2  6] 6[2  5] 7[3  4]
740: 1[2  3  4] 2[1  5  6] 3[1  7  6  4] 4[1  3  6  5] 5[2  4] 6[2  4  3  7] 7[3  6]
741: 1[2  3  4  5] 2[1  6  3] 3[1  2  5  7] 4[1  7  5] 5[1  4  3  6] 6[2  5] 7[3  4]
742: 1[2  3  4] 2[1  5  6] 3[1  7  4] 4[1  3  6  5] 5[2  4] 6[2  4  7] 7[3  6]
743: 1[2  3  4  5] 2[1  6  5  3] 3[1  2  5  7] 4[1  7  5] 5[1  4  3  2] 6[2] 7[3  4]
744: 1[2  3  4  5] 2[1  6  5  3] 3[1  2  5  7] 4[1  7] 5[1  3  2  6] 6[2  5] 7[3  4]
745: 1[2  3  4  5] 2[1  6  5  3] 3[1  2  7] 4[1  7  5] 5[1  4  2  6] 6[2  5] 7[3  4]
746: 1[2  3  4  5] 2[1  6  5  3] 3[1  2  7] 4[1  7  5] 5[1  4  7  2  6] 6[2  5] 7[3  5  4]
747: 1[2  3  4] 2[1  5  6] 3[1  7  6  4] 4[1  3  5] 5[2  4  6] 6[2  5  3  7] 7[3  6]
748: 1[2  3  4  5] 2[1  6  3] 3[1  2  6  4] 4[1  7  3  5] 5[1  4  6] 6[2  5  3] 7[4]
749: 1[2  3  4  5] 2[1  6] 3[1  6  5  4  7] 4[1  7  3  5] 5[1  4  3  6] 6[2  5  3] 7[3  4]
750: 1[2  3  4  5] 2[1  5  6] 3[1  6  5  7] 4[1  7  5] 5[1  4  7  3  6  2] 6[2  5  3] 7[3  5  4]
751: 1[2  3  4] 2[1  5  6] 3[1  6  7] 4[1  7  6  5] 5[2  4  6] 6[2  5  4  7  3] 7[3  6  4]
752: 1[2  3  4] 2[1  5  6] 3[1  6  7] 4[1  7  5] 5[2  4  6] 6[2  5  7  3] 7[3  6  4]
753: 1[2  3  4  5] 2[1  6  3] 3[1  2  6  5  4] 4[1  3  7] 5[1  7  3  6] 6[2  5  3] 7[4  5]
754: 1[2  3  4  5] 2[1  6  3] 3[1  2  6  5] 4[1  7] 5[1  7  3  6] 6[2  5  3] 7[4  5]
755: 1[2  3  4  5] 2[1  6  3] 3[1  2  6  4] 4[1  3  7] 5[1  7  6] 6[2  5  3] 7[4  5]
756: 1[2  3  4  5] 2[1  5  4  6] 3[1  7  4] 4[1  3  7  6  2  5] 5[1  4  2] 6[2  4  7] 7[3  6  4]
757: 1[2  3  4] 2[1  4  5] 3[1  6  4] 4[1  3  6  7  5  2] 5[2  4  7] 6[3  7  4] 7[4  6  5]
758: 1[2  3  4  5  6] 2[1  6  3] 3[1  2  4] 4[1  3  6  7] 5[1  7  6] 6[1  5  7  4  2] 7[4  6  5]
759: 1[2  3  4  5] 2[1  6  7  5  3] 3[1  2  4] 4[1  3  5] 5[1  4  2  7] 6[2  7] 7[2  6  5]
760: 1[2  3  4] 2[1  5  3] 3[1  2  4] 4[1  3  5  6] 5[2  7  6  4] 6[4  5  7] 7[5  6]
761: 1[2  3  4  5  6] 2[1  6  5  3] 3[1  2  5  7] 4[1  7  5] 5[1  4  7  3  2] 6[1  2] 7[3  5  4]
762: 1[2  3  4  5] 2[1  6  7  5  4] 3[1  4] 4[1  3  2  5] 5[1  4  2  7] 6[2  7] 7[2  6  5]
763: 1[2  3  4  5] 2[1  6  7  5] 3[1  4] 4[1  3  5] 5[1  4  2  7] 6[2  7] 7[2  6  5]
764: 1[2  3  4  5] 2[1  5  4  6] 3[1  7  4] 4[1  3  7  6  2] 5[1  2] 6[2  4  7] 7[3  6  4]
765: 1[2  3  4  5  6] 2[1  6  5  3] 3[1  2  5  7] 4[1  7  5] 5[1  4  3  2  6] 6[1  5  2] 7[3  4]
766: 1[2  3  4  5] 2[1  5  4  6] 3[1  7  4] 4[1  3  6  2  5] 5[1  4  2] 6[2  4  7] 7[3  6]
767: 1[2  3  4  5  6] 2[1  6  3] 3[1  2  6  4] 4[1  3  7] 5[1  7  6] 6[1  5  7  3  2] 7[4  6  5]
768: 1[2  3  4  5  6] 2[1  6  3] 3[1  2  7] 4[1  7  5] 5[1  4  7  6] 6[1  5  2] 7[3  5  4]
769: 1[2  3  4  5  6] 2[1  6  3  7] 3[1  7  2  6  5  4] 4[1  3  5] 5[1  4  3  6] 6[1  5  3  2] 7[2  3]
770: 1[2  3  4  5] 2[1  6  3] 3[1  2  6  4] 4[1  3  6  5] 5[1  4  6  7] 6[2  7  5  4  3] 7[5  6]
771: 1[2  3  4  5] 2[1  3] 3[1  2  6  4] 4[1  3  6  5] 5[1  4  6  7] 6[3  7  5  4] 7[5  6]
772: 1[2  3  4  5] 2[1  6  5  4  3  7] 3[1  7  2  4] 4[1  3  2  5] 5[1  4  2  6] 6[2  5] 7[2  3]
773: 1[2  3  4  5] 2[1  6  5  4  3] 3[1  7  2  4] 4[1  3  2  5] 5[1  4  2  6] 6[2  5] 7[3]
774: 1[2  3  4  5] 2[1  5  4  3] 3[1  6  2  4] 4[1  3  2  5] 5[1  4  2  7] 6[3] 7[5]
775: 1[2  3  4  5] 2[1  6  5  3  7] 3[1  7  2  4] 4[1  3  5] 5[1  4  2  6] 6[2  5] 7[2  3]
776: 1[2  3  4  5] 2[1  6  5  3] 3[1  7  2  4] 4[1  3  5] 5[1  4  2  6] 6[2  5] 7[3]
777: 1[2  3  4  5  6] 2[1  7  6  5  4] 3[1  4] 4[1  3  2  5] 5[1  4  2  6] 6[1  5  2  7] 7[2  6]
778: 1[2  3  4  5  6] 2[1  6  5  4  3] 3[1  2  4] 4[1  3  2  5] 5[1  4  2  6] 6[1  5  2  7] 7[6]
779: 1[2  3  4  5  6] 2[1  6  7] 3[1  7  4] 4[1  3  7  5] 5[1  4  7  6] 6[1  5  7  2] 7[2  6  5  4  3]
780: 1[2  3  4  5  6] 2[1  6  5  7] 3[1  7  5  4] 4[1  3  5] 5[1  4  3  7  2  6] 6[1  5  2] 7[2  5  3]
781: 1[2  3  4  5] 2[1  6  3  7] 3[1  7  2  6  5  4] 4[1  3  5] 5[1  4  3  6] 6[2  5  3] 7[2  3]
782: 1[2  3  4] 2[1  5  3] 3[1  2  5  6] 4[1  6  5  7] 5[2  7  4  6  3] 6[3  5  4] 7[4  5]
783: 1[2  3  4  5] 2[1  5  3] 3[1  2  6] 4[1  6  5  7] 5[1  7  4  6  2] 6[3  5  4] 7[4  5]
784: 1[2  3  4] 2[1  5  3] 3[1  2  6] 4[1  6  5  7] 5[2  7  4  6] 6[3  5  4] 7[4  5]
785: 1[2  3  4  5] 2[1  3] 3[1  2  5  6] 4[1  6  5  7] 5[1  7  4  6  3] 6[3  5  4] 7[4  5]
786: 1[2  3  4  5] 2[1  5  3] 3[1  2  5  6] 4[1  6  5  7] 5[1  7  4  3  2] 6[3  4] 7[4  5]
787: 1[2  3  4  5] 2[1  5  3] 3[1  2  5  6] 4[1  6  5  7] 5[1  4  3  2] 6[3  4] 7[4]
788: 1[2  3  4  5] 2[1  5  3] 3[1  2  5  6] 4[1  6  5  7] 5[1  4  6  3  2] 6[3  5  4] 7[4]
789: 1[2  3  4  5] 2[1  5  6] 3[1  6  4] 4[1  3  6  7] 5[1  7  6  2] 6[2  5  7  4  3] 7[4  6  5]
790: 1[2  3  4  5  6] 2[1  6  3] 3[1  2  6  7  5] 4[1  5] 5[1  4  3  7] 6[1  7  3  2] 7[3  6  5]
791: 1[2  3  4  5  6] 2[1  6  3] 3[1  2  6  5  4] 4[1  3  5] 5[1  4  3  7] 6[1  7  3  2] 7[5  6]
792: 1[2  3  4  5  6  7] 2[1  7  3] 3[1  2  7  6  5  4] 4[1  3] 5[1  3  6] 6[1  5  3  7] 7[1  6  3  2]
793: 1[2  3  4  5  6] 2[1  6  4  7] 3[1  7  4] 4[1  3  7  2  6  5] 5[1  4] 6[1  4  2] 7[2  4  3]
794: 1[2  3  4  5] 2[1  6  7  5  4  3] 3[1  2] 4[1  2  5] 5[1  4  2  7] 6[2  7] 7[2  6  5]
795: 1[2  3  4  5] 2[1  6  5  4  3] 3[1  2] 4[1  2  5] 5[1  4  2  6] 6[2  7  5] 7[6]
796: 1[2  3  4  5] 2[1  5  4  3] 3[1  2] 4[1  2  5] 5[1  4  2  6] 6[5  7] 7[6]
797: 1[2  3  4] 2[1  5] 3[1  5  4] 4[1  3  5  6] 5[2  7  6  4  3] 6[4  5  7] 7[5  6]
798: 1[2  3  4  5] 2[1  5] 3[1  4] 4[1  3  5  6] 5[1  7  6  4  2] 6[4  5  7] 7[5  6]
799: 1[2  3  4  5] 2[1  5] 3[1  4] 4[1  3  6] 5[1  7  6  2] 6[4  5  7] 7[5  6]
800: 1[2  3  4  5] 2[1  5] 3[1  4] 4[1  3  6] 5[1  7  2] 6[4  7] 7[5  6]
801: 1[2  3  4  5] 2[1  6  7  5  4] 3[1] 4[1  2  5] 5[1  4  2  7] 6[2  7] 7[2  6  5]
802: 1[2  3  4  5] 2[1  6  7  5] 3[1] 4[1  5] 5[1  4  2  7] 6[2  7] 7[2  6  5]
803: 1[2  3  4  5] 2[1  5  6  4  3  7] 3[1  2  4] 4[1  3  2  6] 5[1  6  2] 6[2  5  4] 7[2]
804: 1[2  3  4  5] 2[1  6  3] 3[1  2  6  5  7] 4[1  5] 5[1  4  3  6] 6[2  5  3] 7[3]
805: 1[2  3  4  5] 2[1  6  4  7] 3[1  7  4] 4[1  3  7  2  6  5] 5[1  4] 6[2  4] 7[2  4  3]
806: 1[2  3  4] 2[1  4  5  3  6  7] 3[1  6  2  5] 4[1  5  2] 5[2  4  3] 6[2  3] 7[2]
807: 1[2  3] 2[1  4  5] 3[1  6  5  4] 4[2  3  5] 5[2  4  3  6  7] 6[3  5] 7[5]
808: 1[2  3] 2[1  4] 3[1  5  6  4] 4[2  3  6] 5[3  6] 6[3  5  7  4] 7[6]
809: 1[2  3  4] 2[1  5  3] 3[1  2  5  4  6] 4[1  7  3  5] 5[2  4  3] 6[3] 7[4]
810: 1[2  3  4] 2[1  5  3] 3[1  2  5  6] 4[1  7  5] 5[2  4  3] 6[3] 7[4]
811: 1[2  3  4] 2[1  5  3] 3[1  2  5  4  6  7] 4[1  3  5] 5[2  4  3] 6[3] 7[3]
812: 1[2  3] 2[1  4  5] 3[1  5  4] 4[2  3  5] 5[2  4  3  6  7] 6[5] 7[5]
813: 1[2  3] 2[1  4  5] 3[1  4] 4[2  3  5] 5[2  4  6  7] 6[5] 7[5]
814: 1[2  3] 2[1  4  5] 3[1  4] 4[2  3] 5[2  6  7] 6[5] 7[5]
815: 1[2  3  4  5] 2[1  6  3] 3[1  2  6  5  4] 4[1  3] 5[1  7  3  6] 6[2  5  3] 7[5]
816: 1[2  3  4  5] 2[1  6  3] 3[1  2  6  4] 4[1  3] 5[1  7  6] 6[2  5  3] 7[5]
817: 1[2  3  4  5] 2[1  4  6] 3[1  7  4] 4[1  3  7  6  2  5] 5[1  4] 6[2  4  7] 7[3  6  4]
818: 1[2  3  4] 2[1  5  6  7  4  3] 3[1  2] 4[1  2  7] 5[2  6] 6[2  5  7] 7[2  6  4]
819: 1[2  3] 2[1  4] 3[1  4  5] 4[2  6  7  5  3] 5[3  4  7] 6[4  7] 7[4  6  5]
820: 1[2  3] 2[1  4] 3[1  4  5] 4[2  6  5  3] 5[3  4  6] 6[4  7  5] 7[6]
821: 1[2  3  4] 2[1  4] 3[1  4  5] 4[1  6  5  3  2] 5[3  4  6] 6[4  7  5] 7[6]
822: 1[2  3  4] 2[1  4] 3[1  4  5] 4[1  5  3  2] 5[3  4  6] 6[5  7] 7[6]
823: 1[2  3  4] 2[1  4] 3[1  4  5] 4[1  3  2] 5[3  6] 6[5  7] 7[6]
824: 1[2  3  4] 2[1  4  5  6  3  7] 3[1  2  6] 4[1  5  2] 5[2  4  6] 6[2  5  3] 7[2]
825: 1[2  3] 2[1  4  5] 3[1  5  6] 4[2  6  5] 5[2  4  6  3  7] 6[3  5  4] 7[5]
826: 1[2  3] 2[1  4] 3[1  5  6] 4[2  6  5] 5[3  7  4  6] 6[3  5  4] 7[5]
827: 1[2  3] 2[1  4] 3[1  5  6] 4[2  6] 5[3  7  6] 6[3  5  4] 7[5]
828: 1[2  3  4  5] 2[1  6  3] 3[1  2  6  7  4] 4[1  3] 5[1  7] 6[2  7  3] 7[3  6  5]
829: 1[2  3  4  5] 2[1  6  3] 3[1  2  6  4] 4[1  3] 5[1  7] 6[2  7  3] 7[5  6]
830: 1[2  3  4  5] 2[1  6  3] 3[1  2  6  7  5] 4[1] 5[1  3  7] 6[2  7  3] 7[3  6  5]
831: 1[2  3  4] 2[1  5  6  7  4] 3[1] 4[1  2  7] 5[2  6] 6[2  5  7] 7[2  6  4]
832: 1[2  3  4] 2[1  5  6  4] 3[1] 4[1  2  6] 5[2  7  6] 6[2  5  4] 7[5]
833: 1[2  3  4] 2[1  5  6] 3[1] 4[1  6  7] 5[2  7  6] 6[2  5  7  4] 7[4  6  5]
834: 1[2  3  4  5  6] 2[1  7  3] 3[1  2  7  6  4] 4[1  3] 5[1  6] 6[1  5  3  7] 7[2  6  3]
835: 1[2  3  4  5  6] 2[1  7  3] 3[1  2  7  6] 4[1] 5[1  6] 6[1  5  3  7] 7[2  6  3]
836: 1[2  3  4  5] 2[1  6  7] 3[1] 4[1  5] 5[1  4  7  6] 6[2  5  7] 7[2  6  5]
837: 1[2  3  4  5] 2[1  6  4  7] 3[1  7  4] 4[1  3  7  2] 5[1] 6[2] 7[2  4  3]
838: 1[2  3  4  5  6] 2[1  6  7] 3[1  7  4] 4[1  3  7  5] 5[1  4] 6[1  2] 7[2  4  3]
839: 1[2  3  4  5  6] 2[1  6  7] 3[1  7  4] 4[1  3  5] 5[1  4] 6[1  2] 7[2  3]
840: 1[2  3  4  5] 2[1  5  6] 3[1  4] 4[1  3  7] 5[1  7  2] 6[2] 7[4  5]
841: 1[2  3  4  5] 2[1  6  7] 3[1  7  4] 4[1  3  5] 5[1  4] 6[2] 7[2  3]
842: 1[2  3  4  5  6] 2[1  6  7  5  4] 3[1] 4[1  2  5] 5[1  4  2  7] 6[1  7  2] 7[2  6  5]
843: 1[2  3  4  5] 2[1  6  7] 3[1] 4[1  7  5] 5[1  4  7  6] 6[2  5  7] 7[2  6  5  4]
844: 1[2  3  4  5  6] 2[1  7  3] 3[1  2  6  5  4] 4[1  3] 5[1  3  6] 6[1  5  3  7] 7[2  6]
845: 1[2  3  4  5] 2[1  5  4  3  6] 3[1  2  4] 4[1  3  2  7] 5[1  7  2] 6[2] 7[4  5]
846: 1[2  3  4] 2[1  5  6] 3[1  6  4] 4[1  3  6  5] 5[2  4] 6[2  4  3  7] 7[6]
847: 1[2  3  4  5] 2[1  6  3] 3[1  2  5  7] 4[1  5] 5[1  4  3  6] 6[2  5] 7[3]
848: 1[2  3  4  5] 2[1  6] 3[1  5  4  7] 4[1  3  5] 5[1  4  3  6] 6[2  5] 7[3]
849: 1[2  3  4] 2[1  5  4  6] 3[1  6] 4[1  2  5  7] 5[2  4] 6[2  3] 7[4]
850: 1[2  3  4] 2[1  4  5] 3[1  5] 4[1  2  6  7] 5[2  3] 6[4] 7[4]
851: 1[2  3  4  5] 2[1  4  6] 3[1  7  4] 4[1  3  6  2  5] 5[1  4] 6[2  4  7] 7[3  6]
852: 1[2  3  4] 2[1  4  5  3  6] 3[1  2  5] 4[1  7  2] 5[2  7  3] 6[2] 7[4  5]
853: 1[2  3] 2[1  4  5] 3[1  5  6] 4[2  6] 5[2  6  3  7] 6[3  5  4] 7[5]
854: 1[2  3] 2[1  4  5] 3[1  6] 4[2  6] 5[2  6  7] 6[3  5  4] 7[5]
855: 1[2  3  4] 2[1  5] 3[1  6  4  7] 4[1  3  6] 5[2  6] 6[3  5  4] 7[3]
856: 1[2  3  4] 2[1  5] 3[1  4  6] 4[1  3  7] 5[2  7] 6[3] 7[4  5]
857: 1[2  3  4] 2[1  5] 3[1  6  7] 4[1  6] 5[2  6] 6[3  5  4] 7[3]
858: 1[2  3  4  5] 2[1  6  3] 3[1  2  5  4] 4[1  3] 5[1  3  7] 6[2  7] 7[5  6]
859: 1[2  3  4  5] 2[1  6  3] 3[1  2  7  4] 4[1  3] 5[1  7] 6[2  7] 7[3  6  5]
860: 1[2  3  4  5] 2[1  6  3] 3[1  2  7  5] 4[1] 5[1  3  7] 6[2  7] 7[3  6  5]
861: 1[2  3  4] 2[1  5  6] 3[1] 4[1  6  7] 5[2  7] 6[2  7  4] 7[4  6  5]
862: 1[2  3  4  5  6] 2[1  7  3] 3[1  2  7  5  4] 4[1  3] 5[1  3  6] 6[1  5  7] 7[2  6  3]
863: 1[2  3  4  5] 2[1  6  7] 3[1  7] 4[1  7  5] 5[1  4  6] 6[2  5  7] 7[2  6  4  3]
864: 1[2  3  4  5] 2[1  5  6  3  7] 3[1  2  4] 4[1  3  6] 5[1  6  2] 6[2  5  4] 7[2]
865: 1[2  3  4  5  6] 2[1  5  3] 3[1  2  7] 4[1  7  5] 5[1  4  7  2] 6[1] 7[3  5  4]
866: 1[2  3  4  5] 2[1  6  7] 3[1] 4[1  7  5] 5[1  4  6] 6[2  5  7] 7[2  6  4]
867: 1[2  3  4  5  6] 2[1  6  3  7] 3[1  7  2  6  5  4] 4[1  3] 5[1  3  6] 6[1  5  3  2] 7[2  3]
868: 1[2  3  4  5] 2[1  6] 3[1  6  4] 4[1  3  6  5] 5[1  4  6  7] 6[2  7  5  4  3] 7[5  6]
869: 1[2  3  4  5] 2[1  6] 3[1  4] 4[1  3  6  5] 5[1  4  6  7] 6[2  7  5  4] 7[5  6]
870: 1[2  3  4  5] 2[1  6  5  4  3  7] 3[1  2  4] 4[1  3  2  5] 5[1  4  2  6] 6[2  5] 7[2]
871: 1[2  3  4  5] 2[1  5  4  3  6] 3[1  2  4] 4[1  3  2  5] 5[1  4  2  7] 6[2] 7[5]
872: 1[2  3  4  5] 2[1  6  4  3] 3[1  2  4  7] 4[1  7  3  2  6  5] 5[1  4] 6[2  4] 7[3  4]
873: 1[2  3  4] 2[1  5] 3[1  6  5  4] 4[1  3  5  7] 5[2  7  4  3  6] 6[3  5] 7[4  5]
874: 1[2  3  4] 2[1  5  4  3  6  7] 3[1  6  2  4] 4[1  3  2  5] 5[2  4] 6[2  3] 7[2]
875: 1[2  3  4] 2[1  5  4  3  6] 3[1  7  2  4] 4[1  3  2  5] 5[2  4] 6[2] 7[3]
876: 1[2  3  4] 2[1  5  4  6] 3[1  7  4] 4[1  3  2  5] 5[2  4] 6[2] 7[3]
877: 1[2  3  4  5] 2[1  5  4  6  3] 3[1  2] 4[1  6  2  5] 5[1  4  2  7] 6[2  4] 7[5]
878: 1[2  3  4] 2[1  4  3  5  6] 3[1  5  2  4] 4[1  3  2  7] 5[2  3] 6[2] 7[4]
879: 1[2  3  4] 2[1  3  5  6] 3[1  5  2  4] 4[1  3  7] 5[2  3] 6[2] 7[4]
880: 1[2  3  4] 2[1  3  5  6] 3[1  2  4] 4[1  3  7] 5[2] 6[2] 7[4]
881: 1[2  3  4  5] 2[1  5  4  6  3] 3[1  2] 4[1  2  5] 5[1  4  2  7] 6[2] 7[5]
882: 1[2  3  4] 2[1  4  3  5  6] 3[1  2  4] 4[1  3  2  7] 5[2] 6[2] 7[4]
883: 1[2  3  4] 2[1  4  5  6] 3[1  4] 4[1  3  2  7] 5[2] 6[2] 7[4]
884: 1[2  3  4  5] 2[1  5  6  3] 3[1  2] 4[1  5] 5[1  4  2  7] 6[2] 7[5]
885: 1[2  3  4  5] 2[1  5  6  3] 3[1  2] 4[1] 5[1  2  7] 6[2] 7[5]
886: 1[2  3  4  5] 2[1  5  4  6] 3[1] 4[1  2  5] 5[1  4  2  7] 6[2] 7[5]
887: 1[2  3  4  5] 2[1  4  6  3] 3[1  2] 4[1  6  2  5] 5[1  4  7] 6[2  4] 7[5]
888: 1[2  3  4  5] 2[1  6  5  4  3] 3[1  2] 4[1  7  2  5] 5[1  4  2  6] 6[2  5] 7[4]
889: 1[2  3  4  5] 2[1  6  5  3] 3[1  2] 4[1  7  5] 5[1  4  2  6] 6[2  5] 7[4]
890: 1[2  3  4  5] 2[1  6  5  4] 3[1] 4[1  7  2  5] 5[1  4  2  6] 6[2  5] 7[4]
891: 1[2  3  4  5] 2[1  6  5  4  7  3] 3[1  2] 4[1  2  5] 5[1  4  2  6] 6[2  5] 7[2]
892: 1[2  3  4] 2[1  5  4  3  6  7] 3[1  2  4] 4[1  3  2  5] 5[2  4] 6[2] 7[2]
893: 1[2  3  4] 2[1  5  4  6  7] 3[1  4] 4[1  3  2  5] 5[2  4] 6[2] 7[2]
894: 1[2  3  4  5] 2[1  6  5  7  3] 3[1  2] 4[1  5] 5[1  4  2  6] 6[2  5] 7[2]
895: 1[2  3  4  5] 2[1  6  7  3] 3[1  2] 4[1  5] 5[1  4  6] 6[2  5] 7[2]
896: 1[2  3  4  5] 2[1  6  5  4  7] 3[1] 4[1  2  5] 5[1  4  2  6] 6[2  5] 7[2]
897: 1[2  3  4  5] 2[1  6  5  7] 3[1] 4[1  5] 5[1  4  2  6] 6[2  5] 7[2]
898: 1[2  3  4  5] 2[1  6  5  4  7] 3[1] 4[1  7  2  5] 5[1  4  2  6] 6[2  5] 7[2  4]
899: 1[2  3  4  5  6] 2[1  7  6  5  3] 3[1  2] 4[1  5] 5[1  4  2  6] 6[1  5  2  7] 7[2  6]
900: 1[2  3  4  5  6] 2[1  7  6  5] 3[1] 4[1  5] 5[1  4  2  6] 6[1  5  2  7] 7[2  6]
901: 1[2  3  4  5  6] 2[1  6  3] 3[1  2  4  7] 4[1  7  3  5] 5[1  4] 6[1  2] 7[3  4]
902: 1[2  3  4  5  6] 2[1  6] 3[1  4  7] 4[1  7  3  5] 5[1  4] 6[1  2] 7[3  4]
903: 1[2  3  4  5] 2[1  6] 3[1  4  7] 4[1  7  3  5] 5[1  4] 6[2] 7[3  4]
904: 1[2  3  4  5  6] 2[1  7  6  5  4] 3[1] 4[1  2  5] 5[1  4  2  6] 6[1  5  2  7] 7[2  6]
905: 1[2  3  4  5  6] 2[1  6  5  4  3] 3[1  2] 4[1  2  5] 5[1  4  2  6] 6[1  5  2  7] 7[6]
906: 1[2  3  4  5  6] 2[1  6  7] 3[1  7] 4[1  7  5] 5[1  4  7  6] 6[1  5  7  2] 7[2  6  5  4  3]
907: 1[2  3  4  5  6] 2[1  6  5  4  3  7] 3[1  2  4] 4[1  3  2  5] 5[1  4  2  6] 6[1  5  2] 7[2]
908: 1[2  3  4  5] 2[1  5  6] 3[1  6  4] 4[1  3  6  5] 5[1  4  6  2] 6[2  5  4  3  7] 7[6]
909: 1[2  3  4  5] 2[1  5] 3[1  6  4] 4[1  3  6  5] 5[1  4  6  2] 6[3  7  5  4] 7[6]
910: 1[2  3  4  5  6] 2[1  7  5  3] 3[1  2  5  4] 4[1  3  5] 5[1  4  3  2  7  6] 6[1  5] 7[2  5]
911: 1[2  3  4  5] 2[1  5  4  3  6  7] 3[1  6  2  4] 4[1  3  2  5] 5[1  4  2] 6[2  3] 7[2]
912: 1[2  3  4] 2[1  4  5] 3[1  6  5  4] 4[1  3  5  2] 5[2  4  3  6  7] 6[3  5] 7[5]
913: 1[2  3  4] 2[1  4] 3[1  5  6  4] 4[1  3  6  2] 5[3  6] 6[3  5  7  4] 7[6]
914: 1[2  3  4] 2[1  4  5] 3[1  6  5  4] 4[1  3  5  2] 5[2  4  3  7] 6[3] 7[5]
915: 1[2  3  4  5] 2[1  5  3] 3[1  2  5  4  6] 4[1  7  3  5] 5[1  4  3  2] 6[3] 7[4]
916: 1[2  3  4  5] 2[1  5  3] 3[1  2  5  6] 4[1  7  5] 5[1  4  3  2] 6[3] 7[4]
917: 1[2  3  4  5] 2[1  6  4  3] 3[1  2  4] 4[1  3  2  6  7  5] 5[1  4] 6[2  7  4] 7[4  6]
918: 1[2  3  4] 2[1  5  3] 3[1  2  5  6  7  4] 4[1  3] 5[2  6  3] 6[3  5  7] 7[3  6]
919: 1[2  3  4] 2[1  3] 3[1  2  5  6  7  4] 4[1  3] 5[3  6] 6[3  5  7] 7[3  6]
920: 1[2  3  4] 2[1  5  6  7  3] 3[1  2] 4[1] 5[2  6] 6[2  5  7] 7[2  6]
921: 1[2  3] 2[1  4] 3[1] 4[2  5  6  7] 5[4  6] 6[4  5  7] 7[4  6]
922: 1[2  3  4] 2[1] 3[1] 4[1  5  6  7] 5[4  6] 6[4  5  7] 7[4  6]
923: 1[2  3  4] 2[1  4] 3[1] 4[1  5  6  2] 5[4  7  6] 6[4  5] 7[5]
924: 1[2  3  4] 2[1  4] 3[1] 4[1  5  6  2] 5[4  6] 6[4  5  7] 7[6]
925: 1[2  3  4] 2[1  4] 3[1  5  4] 4[1  3  5  6  2] 5[3  6  4] 6[4  5  7] 7[6]
926: 1[2  3  4] 2[1  4] 3[1  5  4] 4[1  3  5  2] 5[3  6  4] 6[5  7] 7[6]
927: 1[2  3  4] 2[1  4] 3[1  5  4] 4[1  3  2] 5[3  6] 6[5  7] 7[6]
928: 1[2  3  4] 2[1] 3[1  5  4] 4[1  3  5  6] 5[3  6  4] 6[4  5  7] 7[6]
929: 1[2  3  4  5] 2[1  5] 3[1  5  4] 4[1  3  5] 5[1  4  3  6  7  2] 6[5  7] 7[5  6]
930: 1[2  3  4] 2[1  5  3] 3[1  2  5  6  7  4] 4[1  3] 5[2  3] 6[3  7] 7[3  6]
931: 1[2  3  4] 2[1  5  3] 3[1  2  6  7  4] 4[1  3] 5[2] 6[3  7] 7[3  6]
932: 1[2  3  4] 2[1  5  3] 3[1  2  6  7] 4[1] 5[2] 6[3  7] 7[3  6]
933: 1[2  3  4] 2[1  5] 3[1  6  7  4] 4[1  3] 5[2] 6[3  7] 7[3  6]
934: 1[2  3] 2[1  4] 3[1  5] 4[2  6  7] 5[3] 6[4  7] 7[4  6]
935: 1[2  3] 2[1  4  5  6  7  3] 3[1  2] 4[2  5] 5[2  4] 6[2  7] 7[2  6]
936: 1[2  3] 2[1  4  5  6  3] 3[1  2] 4[2  7] 5[2  6] 6[2  5] 7[4]
937: 1[2  3] 2[1  4  5  6] 3[1] 4[2  7] 5[2  6] 6[2  5] 7[4]
938: 1[2  3  4] 2[1  4  5  6  3] 3[1  2] 4[1  5  2] 5[2  4] 6[2  7] 7[6]
939: 1[2  3  4] 2[1  4  5  3] 3[1  2] 4[1  6  2] 5[2  7] 6[4] 7[5]
940: 1[2  3  4] 2[1  5  3] 3[1  2] 4[1  6] 5[2  7] 6[4] 7[5]
941: 1[2  3  4  5] 2[1  5  4  6  3] 3[1  2] 4[1  2  5] 5[1  4  2] 6[2  7] 7[6]
942: 1[2  3  4  5] 2[1  5  6  3] 3[1  2] 4[1  5] 5[1  4  2] 6[2  7] 7[6]
943: 1[2  3  4  5] 2[1  5  4  6  7] 3[1] 4[1  2  5] 5[1  4  2] 6[2  7] 7[2  6]
944: 1[2  3  4] 2[1  4  5] 3[1] 4[1  5  2] 5[2  4  6  7] 6[5  7] 7[5  6]
945: 1[2  3  4  5] 2[1  5  3] 3[1  2  6  7  4] 4[1  3] 5[1  2] 6[3  7] 7[3  6]
946: 1[2  3  4  5] 2[1  5] 3[1  6  7  4] 4[1  3] 5[1  2] 6[3  7] 7[3  6]
947: 1[2  3  4] 2[1  5] 3[1  4] 4[1  3] 5[2  6  7] 6[5  7] 7[5  6]
948: 1[2  3  4  5] 2[1  5] 3[1  6  5  4] 4[1  3  5] 5[1  4  3  6  2] 6[3  7  5] 7[6]
949: 1[2  3  4  5] 2[1  5] 3[1  6  5  4] 4[1  3  5] 5[1  4  3  2] 6[3  7] 7[6]
950: 1[2  3  4  5] 2[1] 3[1  6  5  4] 4[1  3  5] 5[1  4  3  6  7] 6[3  7  5] 7[5  6]
951: 1[2  3  4] 2[1  4  5] 3[1] 4[1  6  5  2] 5[2  4  6  7] 6[4  7  5] 7[5  6]
952: 1[2  3  4  5  6] 2[1  6  3] 3[1  2  6  5  4] 4[1  3] 5[1  7  3  6] 6[1  5  3  2] 7[5]
953: 1[2  3  4  5  6] 2[1  6  3] 3[1  2  6  5  7  4] 4[1  3] 5[1  3  6] 6[1  5  3  2] 7[3]
954: 1[2  3  4  5] 2[1  5  4  3  6  7] 3[1  2  4] 4[1  3  2  5] 5[1  4  2] 6[2] 7[2]
955: 1[2  3  4] 2[1  4  5] 3[1  5  4] 4[1  3  5  2] 5[2  4  3  6  7] 6[5] 7[5]
956: 1[2  3  4] 2[1  4  5] 3[1  4] 4[1  3  5  2] 5[2  4  6  7] 6[5] 7[5]
957: 1[2  3  4] 2[1  4  5] 3[1  4] 4[1  3  2] 5[2  6  7] 6[5] 7[5]
958: 1[2  3  4  5] 2[1  5  3] 3[1  2  5  6  7] 4[1  5] 5[1  4  3  2] 6[3] 7[3]
959: 1[2  3  4  5] 2[1  6  4  3] 3[1  2  4] 4[1  3  2  6  7  5] 5[1  4] 6[2  4] 7[4]
960: 1[2  3  4] 2[1  5  3] 3[1  2  5  6  7  4] 4[1  3] 5[2  6  3] 6[3  5] 7[3]
961: 1[2  3] 2[1  4  5  6  7  3] 3[1  2] 4[2  5] 5[2  4  6] 6[2  5] 7[2]
962: 1[2  3] 2[1  4  5  6  7] 3[1] 4[2  5] 5[2  4  6] 6[2  5] 7[2]
963: 1[2  3] 2[1  4  5  6] 3[1] 4[2  7  5] 5[2  4] 6[2] 7[4]
964: 1[2  3] 2[1  4  5  6] 3[1] 4[2  5] 5[2  4  7] 6[2] 7[5]
965: 1[2  3] 2[1  3] 3[1  4  5  6  2] 4[3  5] 5[3  4  7] 6[3] 7[5]
966: 1[2  3] 2[1  3] 3[1  4  5  2] 4[3  6] 5[3] 6[4  7] 7[6]
967: 1[2  3] 2[1  3] 3[1  4  5  6  7  2] 4[3] 5[3  6] 6[3  5] 7[3]
968: 1[2  3] 2[1  3] 3[1  4  5  6  2] 4[3] 5[3  7] 6[3] 7[5]
969: 1[2  3] 2[1  3] 3[1  4  5  6  2] 4[3  7  5] 5[3  4] 6[3] 7[4]
970: 1[2  3] 2[1  3] 3[1  4  5  2] 4[3  6  7] 5[3] 6[4] 7[4]
971: 1[2  3  4] 2[1  4] 3[1  5  4] 4[1  3  5  6  2] 5[3  7  4] 6[4] 7[5]
972: 1[2  3  4] 2[1  4] 3[1  5  4] 4[1  3  6  2] 5[3  7] 6[4] 7[5]
973: 1[2  3  4] 2[1  4] 3[1  5] 4[1  6  2] 5[3  7] 6[4] 7[5]
974: 1[2  3  4] 2[1] 3[1  5  4] 4[1  3  5  6] 5[3  7  4] 6[4] 7[5]
975: 1[2  3  4] 2[1] 3[1  5  4] 4[1  3  6] 5[3  7] 6[4] 7[5]
976: 1[2  3  4] 2[1  4  3  5  6  7] 3[1  5  2  4] 4[1  3  2] 5[2  3] 6[2] 7[2]
977: 1[2  3] 2[1  4  3] 3[1  2  4  5  6  7] 4[2  5  3] 5[3  4] 6[3] 7[3]
978: 1[2] 2[1  3  4  5  6  7] 3[2  4] 4[2  3  5] 5[2  4] 6[2] 7[2]
979: 1[2] 2[1  3  4  5  6] 3[2  7  4] 4[2  3] 5[2] 6[2] 7[3]
980: 1[2] 2[1  3  4  5  6  7] 3[2] 4[2  5] 5[2  4] 6[2] 7[2]
981: 1[2] 2[1  3  4] 3[2  5  4] 4[2  3  5  6  7] 5[3  4] 6[4] 7[4]
982: 1[2] 2[1  3] 3[2  4  5] 4[3  5] 5[3  4  6  7] 6[5] 7[5]
983: 1[2] 2[1  3  4] 3[2  5  4] 4[2  3  6  7] 5[3] 6[4] 7[4]
984: 1[2  3] 2[1  3] 3[1  2  4  5  6  7] 4[3  5] 5[3  4] 6[3] 7[3]
985: 1[2] 2[1  3] 3[2  4  5  6  7] 4[3  5] 5[3  4] 6[3] 7[3]
986: 1[2  3] 2[1  3  4] 3[1  5  4  2] 4[2  3  5  6  7] 5[3  4] 6[4] 7[4]
987: 1[2  3] 2[1  3] 3[1  4  5  2] 4[3  5] 5[3  4  6  7] 6[5] 7[5]
988: 1[2  3] 2[1  3] 3[1  4  2] 4[3  5] 5[4  6  7] 6[5] 7[5]
989: 1[2  3] 2[1  3  4] 3[1  5  4  2] 4[2  3  6  7] 5[3] 6[4] 7[4]
990: 1[2  3] 2[1  3  4] 3[1  5  2] 4[2  6  7] 5[3] 6[4] 7[4]
991: 1[2  3  4] 2[1  4  3] 3[1  2  4  5  6  7] 4[1  3  2] 5[3] 6[3] 7[3]
992: 1[2  3] 2[1  3  4] 3[1  4  2] 4[2  3  5  6  7] 5[4] 6[4] 7[4]
993: 1[2  3] 2[1  3  4] 3[1  2] 4[2  5  6  7] 5[4] 6[4] 7[4]
994: 1[2  3  4] 2[1  4  3] 3[1  2  4  5  6] 4[1  7  3  2] 5[3] 6[3] 7[4]
995: 1[2  3  4] 2[1  4  3] 3[1  2  5  6] 4[1  7  2] 5[3] 6[3] 7[4]
996: 1[2  3  4  5] 2[1  5  3] 3[1  2  5  6  4] 4[1  3] 5[1  7  3  2] 6[3] 7[5]
997: 1[2  3  4  5] 2[1  5  3] 3[1  2  6  4] 4[1  3] 5[1  7  2] 6[3] 7[5]
998: 1[2  3  4  5] 2[1  5  3] 3[1  2  5  6] 4[1] 5[1  7  3  2] 6[3] 7[5]
999: 1[2  3  4  5  6] 2[1  6  3] 3[1  2  6  5  7] 4[1] 5[1  3  6] 6[1  5  3  2] 7[3]
1000: 1[2  3  4  5] 2[1  5  6] 3[1] 4[1  6  5] 5[1  4  6  2] 6[2  5  4  7] 7[6]
1001: 1[2  3  4  5  6] 2[1  6  3] 3[1  2  6  7  4] 4[1  3] 5[1  6] 6[1  5  3  2] 7[3]
1002: 1[2  3  4  5  6] 2[1  6  3] 3[1  2  6  7  4] 4[1  3] 5[1] 6[1  3  2] 7[3]
1003: 1[2  3  4  5] 2[1  6  3] 3[1  2  6  7  4] 4[1  3] 5[1] 6[2  3] 7[3]
1004: 1[2  3  4  5] 2[1  6  3] 3[1  2  7  4] 4[1  3] 5[1] 6[2] 7[3]
1005: 1[2  3  4  5] 2[1  3] 3[1  2  6  7  4] 4[1  3] 5[1] 6[3] 7[3]
1006: 1[2  3  4  5] 2[1  3] 3[1  2  6  7] 4[1] 5[1] 6[3] 7[3]
1007: 1[2  3  4  5  6] 2[1  6  3] 3[1  2  7  4] 4[1  3] 5[1  6] 6[1  5  2] 7[3]
1008: 1[2  3  4  5  6] 2[1  6] 3[1  4] 4[1  3  7  5] 5[1  4] 6[1  2] 7[4]
1009: 1[2  3  4  5] 2[1  6] 3[1  4] 4[1  3  7  5] 5[1  4] 6[2] 7[4]
1010: 1[2  3  4  5  6] 2[1  5  7] 3[1  7  5  4] 4[1  3  5] 5[1  4  3  7  2  6] 6[1  5] 7[2  5  3]
1011: 1[2  3  4  5] 2[1  6  3  7] 3[1  7  2  6  5  4] 4[1  3] 5[1  3  6] 6[2  5  3] 7[2  3]
1012: 1[2  3  4  5] 2[1  6  3  7] 3[1  2  6  5  4] 4[1  3] 5[1  3  6] 6[2  5  3] 7[2]
1013: 1[2  3  4  5] 2[1  6  3  7] 3[1  2  6  5] 4[1] 5[1  3  6] 6[2  5  3] 7[2]
1014: 1[2  3  4] 2[1  5] 3[1  5  6] 4[1  6  5  7] 5[2  7  4  6  3] 6[3  5  4] 7[4  5]
1015: 1[2  3  4] 2[1  5  4  6  3  7] 3[1  2  6] 4[1  6  2  5] 5[2  4] 6[2  4  3] 7[2]
1016: 1[2  3  4] 2[1  4  5  3  6] 3[1  2  5] 4[1  5  2  7] 5[2  4  3] 6[2] 7[4]
1017: 1[2  3  4] 2[1  5  4  6  3  7] 3[1  2  6] 4[1  2  5] 5[2  4] 6[2  3] 7[2]
1018: 1[2  3  4] 2[1  4  5  3  6] 3[1  2  5] 4[1  2  7] 5[2  3] 6[2] 7[4]
1019: 1[2  3  4] 2[1  4  3  5] 3[1  2  6] 4[1  2  7] 5[2] 6[3] 7[4]
1020: 1[2  3  4] 2[1  5  4  3  6] 3[1  2  7] 4[1  2  5] 5[2  4] 6[2] 7[3]
1021: 1[2  3  4] 2[1  5  6  3  7] 3[1  2  6] 4[1  5] 5[2  4] 6[2  3] 7[2]
1022: 1[2  3  4] 2[1  5  3  6] 3[1  2  7] 4[1  5] 5[2  4] 6[2] 7[3]
1023: 1[2  3  4  5] 2[1  6  5  7  3] 3[1  2] 4[1  7] 5[1  7  2  6] 6[2  5] 7[2  5  4]
1024: 1[2  3  4  5] 2[1  6  5  3] 3[1  2] 4[1  7] 5[1  7  2  6] 6[2  5] 7[4  5]
1025: 1[2  3  4  5] 2[1  6  5  7  4] 3[1] 4[1  2  7] 5[1  7  2  6] 6[2  5] 7[2  5  4]
1026: 1[2  3  4  5] 2[1  6  5  4  3] 3[1  2] 4[1  2  7] 5[1  7  2  6] 6[2  5] 7[4  5]
1027: 1[2  3  4  5] 2[1  5  4  3] 3[1  2] 4[1  2  6] 5[1  6  2  7] 6[4  5] 7[5]
1028: 1[2  3  4  5] 2[1  6  5  4] 3[1] 4[1  2  7] 5[1  7  2  6] 6[2  5] 7[4  5]
1029: 1[2  3  4  5] 2[1  5  6] 3[1  6] 4[1  6  7] 5[1  7  6  2] 6[2  5  7  4  3] 7[4  6  5]
1030: 1[2  3  4] 2[1  5  6] 3[1  6] 4[1  6  7] 5[2  7  6] 6[2  5  7  4  3] 7[4  6  5]
1031: 1[2  3  4] 2[1  5] 3[1  6] 4[1  6  7] 5[2  7  6] 6[3  5  7  4] 7[4  6  5]
1032: 1[2  3  4] 2[1  5] 3[1  6] 4[1  7] 5[2  7  6] 6[3  5  7] 7[4  6  5]
1033: 1[2  3  4  5] 2[1  5] 3[1  6] 4[1  6  7] 5[1  7  6  2] 6[3  5  7  4] 7[4  6  5]
1034: 1[2  3  4  5] 2[1  5  6] 3[1  6] 4[1  7] 5[1  7  6  2] 6[2  5  7  3] 7[4  6  5]
1035: 1[2  3  4  5] 2[1  5  4  6  3  7] 3[1  2  6] 4[1  6  2  5] 5[1  4  2] 6[2  4  3] 7[2]
1036: 1[2  3  4] 2[1  4  5] 3[1  5  6] 4[1  6  5  2] 5[2  4  6  3  7] 6[3  5  4] 7[5]
1037: 1[2  3  4] 2[1  4] 3[1  5  6] 4[1  6  5  2] 5[3  7  4  6] 6[3  5  4] 7[5]
1038: 1[2  3  4] 2[1  4] 3[1  5  6] 4[1  6  2] 5[3  7  6] 6[3  5  4] 7[5]
1039: 1[2  3  4  5  6] 2[1  6  3] 3[1  2  6  7  4] 4[1  3] 5[1  7] 6[1  7  3  2] 7[3  6  5]
1040: 1[2  3  4  5  6] 2[1  6  3] 3[1  2  6  7  5] 4[1] 5[1  3  7] 6[1  7  3  2] 7[3  6  5]
1041: 1[2  3  4  5  6] 2[1  6  3] 3[1  2  6  5  4] 4[1  3] 5[1  3  7] 6[1  7  3  2] 7[5  6]
1042: 1[2  3  4  5] 2[1  6  3] 3[1  2  6  5  4] 4[1  3] 5[1  3  7] 6[2  7  3] 7[5  6]
1043: 1[2  3  4] 2[1  5  6  4  3] 3[1  2] 4[1  2  7] 5[2  6] 6[2  5  7] 7[4  6]
1044: 1[2  3  4] 2[1  5  4  3] 3[1  2] 4[1  2  6] 5[2  7  6] 6[4  5] 7[5]
1045: 1[2  3] 2[1  4] 3[1  4  5] 4[2  6  7  3] 5[3  7] 6[4  7] 7[4  6  5]
1046: 1[2  3  4  5] 2[1  5  6  4] 3[1] 4[1  2  7] 5[1  6  2] 6[2  5  7] 7[4  6]
1047: 1[2  3  4] 2[1  5  6  4] 3[1] 4[1  2  7] 5[2  6] 6[2  5  7] 7[4  6]
1048: 1[2  3  4  5] 2[1  5  4  3  6] 3[1  2  7] 4[1  7  2  5] 5[1  4  2] 6[2] 7[3  4]
1049: 1[2  3  4  5  6] 2[1  6] 3[1  6  7  5  4] 4[1  3] 5[1  3  7] 6[1  7  3  2] 7[3  6  5]
1050: 1[2  3  4  5] 2[1  4  6  3  7] 3[1  2  6] 4[1  6  2  5] 5[1  4] 6[2  4  3] 7[2]
1051: 1[2  3  4  5  6] 2[1  5  7  4] 3[1] 4[1  2  7] 5[1  7  2  6] 6[1  5] 7[2  5  4]
1052: 1[2  3  4  5  6  7] 2[1  7  4] 3[1  4] 4[1  3  2  7  6  5] 5[1  4] 6[1  4  7] 7[1  6  4  2]
1053: 1[2  3  4  5  6] 2[1  6  4  7] 3[1  4] 4[1  3  7  2  6  5] 5[1  4] 6[1  4  2] 7[2  4]
1054: 1[2  3  4  5] 2[1  6  7  5  4  3] 3[1  2] 4[1  2  5] 5[1  4  2  7] 6[2] 7[2  5]
1055: 1[2  3  4] 2[1  5] 3[1  5  4] 4[1  3  5  6] 5[2  7  6  4  3] 6[4  5] 7[5]
1056: 1[2  3  4] 2[1  5] 3[1  5  4] 4[1  3  5  6] 5[2  7  4  3] 6[4] 7[5]
1057: 1[2  3  4] 2[1  5] 3[1  5  4] 4[1  3  6] 5[2  7  3] 6[4] 7[5]
1058: 1[2  3  4  5] 2[1  5] 3[1  5  4] 4[1  3  5  6] 5[1  7  4  3  2] 6[4] 7[5]
1059: 1[2  3  4  5] 2[1  5  6  4  3  7] 3[1  2  4] 4[1  3  2  6] 5[1  2] 6[2  4] 7[2]
1060: 1[2  3  4  5] 2[1  6  4  3  7] 3[1  2  4] 4[1  3  2  6] 5[1] 6[2  4] 7[2]
1061: 1[2  3  4] 2[1  5  6  4  3  7] 3[1  2  4] 4[1  3  2  6] 5[2] 6[2  4] 7[2]
1062: 1[2  3  4] 2[1  5  4  3  6] 3[1  2  4] 4[1  3  2  7] 5[2] 6[2] 7[4]
1063: 1[2  3  4] 2[1  5  3  6] 3[1  2  4] 4[1  3  7] 5[2] 6[2] 7[4]
1064: 1[2  3] 2[1  3  4] 3[1  5  6  4  2  7] 4[2  3  6] 5[3] 6[3  4] 7[3]
1065: 1[2  3] 2[1  3  4] 3[1  5  4  2  6] 4[2  3  7] 5[3] 6[3] 7[4]
1066: 1[2  3] 2[1  3  4] 3[1  5  2  6] 4[2  7] 5[3] 6[3] 7[4]
1067: 1[2  3] 2[1  3] 3[1  4  5  6  2  7] 4[3] 5[3  6] 6[3  5] 7[3]
1068: 1[2  3] 2[1  3] 3[1  4  5  2  6] 4[3] 5[3  7] 6[3] 7[5]
1069: 1[2  3  4] 2[1  3] 3[1  2  4  5] 4[1  6  5  3  7] 5[3  4] 6[4] 7[4]
1070: 1[2  3  4] 2[1  3] 3[1  2  4  5] 4[1  6  3  7] 5[3] 6[4] 7[4]
1071: 1[2  3  4] 2[1  3] 3[1  2  4] 4[1  5  6  3  7] 5[4] 6[4] 7[4]
1072: 1[2  3  4] 2[1  4  5] 3[1  4] 4[1  3  6  5  2  7] 5[2  4  6] 6[4  5] 7[4]
1073: 1[2  3  4] 2[1  4  5] 3[1] 4[1  6  5  2  7] 5[2  4  6] 6[4  5] 7[4]
1074: 1[2  3  4] 2[1  4  5] 3[1  4] 4[1  3  5  2  6] 5[2  4  7] 6[4] 7[5]
1075: 1[2  3  4] 2[1  4  5] 3[1] 4[1  5  2  6] 5[2  4  7] 6[4] 7[5]
1076: 1[2  3  4] 2[1  4  5] 3[1  4] 4[1  3  2  6] 5[2  7] 6[4] 7[5]
1077: 1[2  3  4] 2[1  5] 3[1  4] 4[1  3  6  5  7] 5[2  4  6] 6[4  5] 7[4]
1078: 1[2  3  4] 2[1  5] 3[1] 4[1  6  5  7] 5[2  4  6] 6[4  5] 7[4]
1079: 1[2  3  4] 2[1  4] 3[1  4] 4[1  3  5  6  2  7] 5[4  6] 6[4  5] 7[4]
1080: 1[2  3  4] 2[1  4] 3[1] 4[1  5  6  2  7] 5[4  6] 6[4  5] 7[4]
1081: 1[2  3  4] 2[1  4  5  3  6] 3[1  2] 4[1  2] 5[2  7] 6[2] 7[5]
1082: 1[2  3  4] 2[1  5  3  6] 3[1  2] 4[1] 5[2  7] 6[2] 7[5]
1083: 1[2  3  4  5] 2[1  5  6  4  3  7] 3[1  2  4] 4[1  3  2] 5[1  2] 6[2] 7[2]
1084: 1[2  3  4  5] 2[1  6  4  3  7] 3[1  2  4] 4[1  3  2] 5[1] 6[2] 7[2]
1085: 1[2  3  4] 2[1  5  6  4  3  7] 3[1  2  4] 4[1  3  2] 5[2] 6[2] 7[2]
1086: 1[2  3  4] 2[1  5  6  3  7] 3[1  2  4] 4[1  3] 5[2] 6[2] 7[2]
1087: 1[2  3  4  5] 2[1  5  6  3  7] 3[1  2  4] 4[1  3] 5[1  2] 6[2] 7[2]
1088: 1[2  3  4] 2[1  4  5] 3[1  4] 4[1  3  6  5  2  7] 5[2  4] 6[4] 7[4]
1089: 1[2  3  4] 2[1  4  5] 3[1] 4[1  6  5  2  7] 5[2  4] 6[4] 7[4]
1090: 1[2  3  4] 2[1  4  5] 3[1] 4[1  6  2  7] 5[2] 6[4] 7[4]
1091: 1[2  3] 2[1  4  5  6  3  7] 3[1  2  6] 4[2] 5[2] 6[2  3] 7[2]
1092: 1[2  3] 2[1  4  5  3  6] 3[1  2  7] 4[2] 5[2] 6[2] 7[3]
1093: 1[2  3] 2[1  4  5  6  3  7] 3[1  2] 4[2] 5[2] 6[2] 7[2]
1094: 1[2  3  4  5] 2[1  5  6  4  7] 3[1  4] 4[1  3  2  6] 5[1  2] 6[2  4] 7[2]
1095: 1[2  3  4  5] 2[1  5  4  3  6] 3[1  2  4] 4[1  3  2  7] 5[1  2] 6[2] 7[4]
1096: 1[2  3  4  5] 2[1  4  3  6] 3[1  2  4] 4[1  3  2  7] 5[1] 6[2] 7[4]
1097: 1[2  3  4  5] 2[1  5  3  6] 3[1  2  4] 4[1  3  7] 5[1  2] 6[2] 7[4]
1098: 1[2  3  4  5] 2[1  5  4  6] 3[1  4] 4[1  3  2  7] 5[1  2] 6[2] 7[4]
1099: 1[2  3  4  5] 2[1  6  4  7] 3[1  4] 4[1  3  7  2  6  5] 5[1  4] 6[2  4] 7[2  4]
1100: 1[2  3  4  5] 2[1  6  4  7] 3[1] 4[1  7  2  6  5] 5[1  4] 6[2  4] 7[2  4]
1101: 1[2  3  4] 2[1  5  6  4  7  3] 3[1  2] 4[1  7  2  6] 5[2] 6[2  4] 7[2  4]
1102: 1[2  3  4] 2[1  5  4  6  3] 3[1  2] 4[1  6  2  7] 5[2] 6[2  4] 7[4]
1103: 1[2  3] 2[1  4] 3[1  5  4  6] 4[2  7  6  3  5] 5[3  4] 6[3  4] 7[4]
1104: 1[2  3] 2[1  4] 3[1  5  4  6] 4[2  7  3  5] 5[3  4] 6[3] 7[4]
1105: 1[2  3] 2[1  4] 3[1  5  6] 4[2  7  5] 5[3  4] 6[3] 7[4]
1106: 1[2  3] 2[1  4  5  3  6  7] 3[1  6  2  5] 4[2] 5[2  3] 6[2  3] 7[2]
1107: 1[2  3] 2[1  4  3  5  6] 3[1  5  2  7] 4[2] 5[2  3] 6[2] 7[3]
1108: 1[2  3] 2[1  4  5  6] 3[1  5  7] 4[2] 5[2  3] 6[2] 7[3]
1109: 1[2  3] 2[1  4  3  5] 3[1  6  2  7] 4[2] 5[2] 6[3] 7[3]
1110: 1[2  3] 2[1  4  5  3  6  7] 3[1  6  2] 4[2] 5[2] 6[2  3] 7[2]
1111: 1[2  3] 2[1  4  5  6  7] 3[1  6] 4[2] 5[2] 6[2  3] 7[2]
1112: 1[2  3] 2[1  4  5  3  6  7] 3[1  2] 4[2] 5[2] 6[2] 7[2]
1113: 1[2  3] 2[1  4  5  3  6] 3[1  7  2] 4[2] 5[2] 6[2] 7[3]
1114: 1[2  3  4] 2[1  5  6  4  7  3] 3[1  2] 4[1  7  2] 5[2] 6[2] 7[2  4]
1115: 1[2  3  4] 2[1  5  6  4  3] 3[1  2] 4[1  7  2  6] 5[2] 6[2  4] 7[4]
1116: 1[2  3] 2[1  4] 3[1  5  4  6] 4[2  7  6  3] 5[3] 6[3  4] 7[4]
1117: 1[2  3] 2[1  4] 3[1  5  6] 4[2  7  6] 5[3] 6[3  4] 7[4]
1118: 1[2  3  4] 2[1  4] 3[1  5  6] 4[1  7  6  2] 5[3] 6[3  4] 7[4]
1119: 1[2  3  4] 2[1  4] 3[1  5  4] 4[1  6  7  3  2] 5[3] 6[4] 7[4]
1120: 1[2  3  4] 2[1] 3[1  5  4] 4[1  6  7  3] 5[3] 6[4] 7[4]
1121: 1[2  3  4] 2[1  4] 3[1  4  5] 4[1  6  5  3  7  2] 5[3  4] 6[4] 7[4]
1122: 1[2  3  4] 2[1  4] 3[1  4  5] 4[1  6  3  7  2] 5[3] 6[4] 7[4]
1123: 1[2  3  4] 2[1] 3[1  4  5] 4[1  6  3  7] 5[3] 6[4] 7[4]
1124: 1[2  3] 2[1  4] 3[1  4  5] 4[2  6  5  3  7] 5[3  4] 6[4] 7[4]
1125: 1[2  3] 2[1  4] 3[1  4  5] 4[2  6  3  7] 5[3] 6[4] 7[4]
1126: 1[2  3] 2[1  4] 3[1  5] 4[2  6  5  7] 5[3  4] 6[4] 7[4]
1127: 1[2  3  4] 2[1] 3[1  5  4  6] 4[1  7  6  3  5] 5[3  4] 6[3  4] 7[4]
1128: 1[2  3  4] 2[1] 3[1  5  4  6] 4[1  7  3  5] 5[3  4] 6[3] 7[4]
1129: 1[2  3  4] 2[1] 3[1  5  4  6] 4[1  7  6  3] 5[3] 6[3  4] 7[4]
1130: 1[2  3  4  5] 2[1  4  6] 3[1  4] 4[1  3  7  6  2  5] 5[1  4] 6[2  4  7] 7[4  6]
1131: 1[2  3  4  5] 2[1  4  6] 3[1] 4[1  7  6  2  5] 5[1  4] 6[2  4  7] 7[4  6]
1132: 1[2  3  4] 2[1  5] 3[1  5  6] 4[1] 5[2  7  6  3] 6[3  5  7] 7[5  6]
1133: 1[2  3  4] 2[1  5  6  7  4  3] 3[1  2] 4[1  2  7] 5[2] 6[2  7] 7[2  6  4]
1134: 1[2  3  4] 2[1  5  6  4  3] 3[1  2] 4[1  2  6] 5[2] 6[2  7  4] 7[6]
1135: 1[2  3  4] 2[1  5  4  3] 3[1  2] 4[1  2  6] 5[2] 6[4  7] 7[6]
1136: 1[2  3] 2[1  4] 3[1  4  5] 4[2  6  7  5  3] 5[3  4  7] 6[4] 7[4  5]
1137: 1[2  3] 2[1  4] 3[1  4  5] 4[2  6  5  3] 5[3  4  7] 6[4] 7[5]
1138: 1[2  3] 2[1  4] 3[1  4  5] 4[2  6  3] 5[3  7] 6[4] 7[5]
1139: 1[2  3  4  5] 2[1  5] 3[1  5] 4[1  5] 5[1  4  6  7  3  2] 6[5  7] 7[5  6]
1140: 1[2  3  4  5] 2[1  5] 3[1  5] 4[1] 5[1  6  7  3  2] 6[5  7] 7[5  6]
1141: 1[2  3  4] 2[1  5] 3[1  5] 4[1] 5[2  6  7  3] 6[5  7] 7[5  6]
1142: 1[2  3  4] 2[1  5  6  7  4  3] 3[1  2] 4[1  2] 5[2] 6[2  7] 7[2  6]
1143: 1[2  3] 2[1  4] 3[1  4] 4[2  5  6  7  3] 5[4] 6[4  7] 7[4  6]
1144: 1[2  3  4] 2[1  4] 3[1  4] 4[1  5  6  3  2] 5[4] 6[4  7] 7[6]
1145: 1[2  3] 2[1  4] 3[1  4] 4[2  5  6  3] 5[4] 6[4  7] 7[6]
1146: 1[2  3  4  5] 2[1  5] 3[1  5] 4[1  5] 5[1  4  6  3  2] 6[5  7] 7[6]
1147: 1[2  3  4  5] 2[1  5] 3[1  5  6] 4[1  5] 5[1  4  6  3  2] 6[3  5  7] 7[6]
1148: 1[2  3  4  5] 2[1  5] 3[1  5  6] 4[1  5] 5[1  4  3  2] 6[3  7] 7[6]
1149: 1[2  3  4  5  6] 2[1  6] 3[1  6  4] 4[1  3  6] 5[1  6] 6[1  5  7  4  3  2] 7[6]
1150: 1[2  3  4  5  6] 2[1  6] 3[1  6  4] 4[1  3  6] 5[1] 6[1  7  4  3  2] 7[6]
1151: 1[2  3  4  5] 2[1  6  7  5  4  3] 3[1  2] 4[1  2  5] 5[1  4  2] 6[2] 7[2]
1152: 1[2  3  4  5] 2[1  4  6] 3[1  4] 4[1  3  7  6  2  5] 5[1  4] 6[2  4] 7[4]
1153: 1[2  3  4  5] 2[1  4  6] 3[1] 4[1  7  6  2  5] 5[1  4] 6[2  4] 7[4]
1154: 1[2  3  4] 2[1  5] 3[1  5  6] 4[1] 5[2  7  6  3] 6[3  5] 7[5]
1155: 1[2  3  4] 2[1  5] 3[1  5  6] 4[1] 5[2  7  3] 6[3] 7[5]
1156: 1[2  3  4] 2[1  5  6  7  4  3] 3[1  2] 4[1  2  7] 5[2] 6[2] 7[2  4]
1157: 1[2  3] 2[1  4] 3[1  4  5] 4[2  6  7  5  3] 5[3  4] 6[4] 7[4]
1158: 1[2  3] 2[1  4] 3[1  4  5] 4[2  6  7  3] 5[3] 6[4] 7[4]
1159: 1[2  3  4] 2[1  4] 3[1  4  5] 4[1  6  7  3  2] 5[3] 6[4] 7[4]
1160: 1[2  3  4  5] 2[1  5] 3[1  5  6] 4[1  5] 5[1  4  7  3  2] 6[3] 7[5]
1161: 1[2  3  4  5] 2[1  5] 3[1  5  6] 4[1] 5[1  7  3  2] 6[3] 7[5]
1162: 1[2  3  4  5] 2[1  5] 3[1  5] 4[1  5] 5[1  4  6  7  3  2] 6[5] 7[5]
1163: 1[2  3  4  5] 2[1  5] 3[1  5] 4[1] 5[1  6  7  3  2] 6[5] 7[5]
1164: 1[2  3  4] 2[1  5] 3[1  5] 4[1] 5[2  6  7  3] 6[5] 7[5]
1165: 1[2  3  4] 2[1  5  6  7  4  3] 3[1  2] 4[1  2] 5[2] 6[2] 7[2]
1166: 1[2  3] 2[1  4] 3[1  4] 4[2  5  6  7  3] 5[4] 6[4] 7[4]
1167: 1[2  3  4  5  6] 2[1  6] 3[1  6  4] 4[1  3] 5[1  6] 6[1  5  7  3  2] 7[6]
1168: 1[2  3  4  5  6] 2[1  6] 3[1  6] 4[1] 5[1  6] 6[1  5  7  3  2] 7[6]
1169: 1[2  3  4  5  6] 2[1  6] 3[1  4] 4[1  3  6  7] 5[1  6] 6[1  5  7  4  2] 7[4  6]
1170: 1[2  3  4  5] 2[1  6  7  5  3] 3[1  2] 4[1  5] 5[1  4  2  7] 6[2] 7[2  5]
1171: 1[2  3  4  5] 2[1  6  5  3] 3[1  2] 4[1  5] 5[1  4  2  7] 6[2] 7[5]
1172: 1[2  3  4  5] 2[1  6] 3[1  4] 4[1  3  7  6  5] 5[1  4] 6[2  4  7] 7[4  6]
1173: 1[2  3  4  5] 2[1  6] 3[1  4] 4[1  3  6  5] 5[1  4] 6[2  4  7] 7[6]
1174: 1[2  3  4  5] 2[1  6] 3[1  4] 4[1  3  7  5] 5[1  4] 6[2  7] 7[4  6]
1175: 1[2  3  4  5  6] 2[1  5  3] 3[1  2  5  7] 4[1  5] 5[1  4  7  3  2] 6[1] 7[3  5]
1176: 1[2  3  4  5] 2[1  6  7  5  4] 3[1] 4[1  2  5] 5[1  4  2  7] 6[2] 7[2  5]
1177: 1[2  3  4  5] 2[1  6  7  5] 3[1] 4[1  5] 5[1  4  2  7] 6[2] 7[2  5]
1178: 1[2  3  4  5] 2[1  4  6] 3[1  4] 4[1  3  7  6  2] 5[1] 6[2  4  7] 7[4  6]
1179: 1[2  3  4] 2[1  5  6  7  4] 3[1] 4[1  2  7] 5[2] 6[2  7] 7[2  6  4]
1180: 1[2  3  4] 2[1  5  6  4] 3[1] 4[1  2  6] 5[2] 6[2  7  4] 7[6]
1181: 1[2  3  4] 2[1  5  4] 3[1] 4[1  2  6] 5[2] 6[4  7] 7[6]
1182: 1[2  3  4  5] 2[1  5  6  7  4] 3[1] 4[1  2] 5[1  2] 6[2  7] 7[2  6]
1183: 1[2  3  4] 2[1  5  6  7  4] 3[1] 4[1  2] 5[2] 6[2  7] 7[2  6]
1184: 1[2  3  4] 2[1  5  6  4] 3[1] 4[1  2] 5[2] 6[2  7] 7[6]
1185: 1[2  3  4  5] 2[1  5  6  4] 3[1] 4[1  2] 5[1  2] 6[2  7] 7[6]
1186: 1[2  3  4  5  6] 2[1  6  5  4  3] 3[1  2] 4[1  2  5] 5[1  4  2  7] 6[1  2] 7[5]
1187: 1[2  3  4  5  6] 2[1  7  6  5  4  3] 3[1  2] 4[1  2  5] 5[1  4  2  6] 6[1  5  2] 7[2]
1188: 1[2  3  4  5] 2[1  6  5  4  3  7] 3[1  2  4] 4[1  3  2  5] 5[1  4  2] 6[2] 7[2]
1189: 1[2  3  4  5  6] 2[1  7  6  5  4] 3[1] 4[1  2  5] 5[1  4  2  6] 6[1  5  2] 7[2]
1190: 1[2  3  4  5  6] 2[1  5  7] 3[1  7  5] 4[1  5] 5[1  4  3  7  2  6] 6[1  5] 7[2  5  3]
1191: 1[2  3  4  5] 2[1  6  5  7  4  3] 3[1  2] 4[1  2  7] 5[1  7  2] 6[2] 7[2  5  4]
1192: 1[2  3  4] 2[1  5  4  6  3  7] 3[1  2  6] 4[1  6  2] 5[2] 6[2  4  3] 7[2]
1193: 1[2  3  4  5] 2[1  6  5  7  3] 3[1  2] 4[1  7] 5[1  7  2] 6[2] 7[2  5  4]
1194: 1[2  3  4  5] 2[1  6  5  3] 3[1  2] 4[1  7] 5[1  7  2] 6[2] 7[4  5]
1195: 1[2  3  4  5] 2[1  6  5  7  4] 3[1] 4[1  2  7] 5[1  7  2] 6[2] 7[2  5  4]
1196: 1[2  3  4  5  6] 2[1  5  7  4  3] 3[1  2] 4[1  2  7] 5[1  7  2] 6[1] 7[2  5  4]
1197: 1[2  3  4  5  6] 2[1  5  7  4] 3[1] 4[1  2  7] 5[1  7  2] 6[1] 7[2  5  4]
1198: 1[2  3  4  5  6] 2[1  6  5  7  3] 3[1  2] 4[1  7] 5[1  7  2] 6[1  2] 7[2  5  4]
1199: 1[2  3  4  5  6] 2[1  6  5  4  3] 3[1  2] 4[1  2  7] 5[1  7  2] 6[1  2] 7[4  5]
1200: 1[2  3  4  5] 2[1  6  5  4  3] 3[1  2] 4[1  2  7] 5[1  7  2] 6[2] 7[4  5]
1201: 1[2  3  4  5] 2[1  6  5  4] 3[1] 4[1  2  7] 5[1  7  2] 6[2] 7[4  5]
1202: 1[2  3  4] 2[1  5  4  3  6] 3[1  2  7] 4[1  7  2] 5[2] 6[2] 7[3  4]
1203: 1[2  3  4  5  6  7] 2[1  7  6  5  4  3] 3[1  2] 4[1  2  5] 5[1  4  2] 6[1  2] 7[1  2]
1204: 1[2  3  4  5  6] 2[1  7  6  5  4  3] 3[1  2] 4[1  2  5] 5[1  4  2] 6[1  2] 7[2]
1205: 1[2  3  4  5] 2[1  6] 3[1  6  4] 4[1  3  6] 5[1  6] 6[2  7  5  4  3] 7[6]
1206: 1[2  3  4  5  6] 2[1  6  5  4  3  7] 3[1  2  4] 4[1  3  2] 5[1  2] 6[1  2] 7[2]
1207: 1[2  3  4  5] 2[1  6  5  4  3  7] 3[1  2  4] 4[1  3  2] 5[1  2] 6[2] 7[2]
1208: 1[2  3  4  5] 2[1  6  5  3  7] 3[1  2  4] 4[1  3] 5[1  2] 6[2] 7[2]
1209: 1[2  3  4  5  6] 2[1  5  4  3  7] 3[1  2  4] 4[1  3  2] 5[1  2] 6[1] 7[2]
1210: 1[2  3  4  5  6] 2[1  7  5] 3[1  5] 4[1  5] 5[1  4  3  2  7  6] 6[1  5] 7[2  5]
1211: 1[2  3  4  5] 2[1  6  5  4  7  3] 3[1  2] 4[1  7  2] 5[1  2] 6[2] 7[2  4]
1212: 1[2  3  4  5] 2[1  6  5  4  7] 3[1] 4[1  7  2] 5[1  2] 6[2] 7[2  4]
1213: 1[2  3  4] 2[1  5] 3[1  6  5] 4[1  5] 5[2  7  4  3  6] 6[3  5] 7[5]
1214: 1[2  3  4] 2[1  5] 3[1  6  5] 4[1  5] 5[2  7  4  3] 6[3] 7[5]
1215: 1[2  3  4] 2[1  5  4  3  6  7] 3[1  6  2] 4[1  2] 5[2] 6[2  3] 7[2]
1216: 1[2  3  4] 2[1  5  4  3  6] 3[1  7  2] 4[1  2] 5[2] 6[2] 7[3]
1217: 1[2  3  4  5] 2[1  6  5  7  3] 3[1  2] 4[1  7] 5[1  2] 6[2] 7[2  4]
1218: 1[2  3  4] 2[1  5] 3[1  6] 4[1  5] 5[2  7  4  6] 6[3  5] 7[5]
1219: 1[2  3  4  5] 2[1  5] 3[1  6  5] 4[1  5] 5[1  7  4  3  2] 6[3] 7[5]
1220: 1[2  3  4  5] 2[1] 3[1  6  5] 4[1  5] 5[1  7  4  3] 6[3] 7[5]
1221: 1[2  3  4  5] 2[1  5] 3[1  5] 4[1  5] 5[1  6  4  3  7  2] 6[5] 7[5]
1222: 1[2  3  4  5] 2[1] 3[1  5] 4[1  5] 5[1  6  4  3  7] 6[5] 7[5]
1223: 1[2  3  4] 2[1  5] 3[1  5] 4[1  5] 5[2  6  4  3  7] 6[5] 7[5]
1224: 1[2  3  4] 2[1  5  4  3  6  7] 3[1  2] 4[1  2] 5[2] 6[2] 7[2]
1225: 1[2  3  4  5] 2[1  5  4  3  6  7] 3[1  6  2] 4[1  2] 5[1  2] 6[2  3] 7[2]
1226: 1[2  3  4] 2[1  5] 3[1  6  5] 4[1  5] 5[2  4  3  6  7] 6[3  5] 7[5]
1227: 1[2  3  4] 2[1  5] 3[1  6  5] 4[1  5] 5[2  4  3  7] 6[3] 7[5]
1228: 1[2  3  4  5] 2[1  3] 3[1  2  5  4  6] 4[1  7  3] 5[1  3] 6[3] 7[4]
1229: 1[2  3  4  5  6] 2[1  3] 3[1  2  6  7  4] 4[1  3] 5[1  7] 6[1  3] 7[3  5]
1230: 1[2  3  4  5  6] 2[1] 3[1  6  5  7  4] 4[1  3] 5[1  7  3] 6[1  3] 7[3  5]
1231: 1[2  3  4  5] 2[1  6] 3[1  7  6] 4[1  6] 5[1] 6[2  4  3  7] 7[3  6]
1232: 1[2  3  4  5] 2[1  4  3  6  7] 3[1  6  2] 4[1  2] 5[1] 6[2  3] 7[2]
1233: 1[2  3  4  5  6] 2[1  6  5  4  3] 3[1  2] 4[1  7  2] 5[1  2] 6[1  2] 7[4]
1234: 1[2  3  4  5  6] 2[1  6  5  4  7  3] 3[1  2] 4[1  2] 5[1  2] 6[1  2] 7[2]
1235: 1[2  3  4  5] 2[1  5  4  3  6  7] 3[1  2] 4[1  2] 5[1  2] 6[2] 7[2]
1236: 1[2  3  4] 2[1  5] 3[1  5] 4[1  5] 5[2  4  3  6  7] 6[5] 7[5]
1237: 1[2  3  4  5  6] 2[1  3] 3[1  2  6  5  7] 4[1] 5[1  3] 6[1  3] 7[3]
1238: 1[2  3  4  5] 2[1  6] 3[1] 4[1  6] 5[1  6] 6[2  5  4  7] 7[6]
1239: 1[2  3  4  5  6] 2[1  5  7] 3[1  5] 4[1  5] 5[1  4  3  7  2  6] 6[1  5] 7[2  5]
1240: 1[2  3  4  5] 2[1  6  5  7  4  3] 3[1  2] 4[1  2  7] 5[1  2] 6[2] 7[2  4]
1241: 1[2  3  4  5] 2[1  6  5  7  4] 3[1] 4[1  2  7] 5[1  2] 6[2] 7[2  4]
1242: 1[2  3  4  5] 2[1  6  5  7  4] 3[1] 4[1  2] 5[1  2] 6[2] 7[2]
1243: 1[2  3  4  5] 2[1  6  5  4] 3[1] 4[1  2  7] 5[1  2] 6[2] 7[4]
1244: 1[2  3  4  5] 2[1  6  5  4  3] 3[1  2] 4[1  2  7] 5[1  2] 6[2] 7[4]
1245: 1[2  3  4  5] 2[1  5  4  6  3  7] 3[1  2  6] 4[1  2] 5[1  2] 6[2  3] 7[2]
1246: 1[2  3  4] 2[1  5  4  6  3  7] 3[1  2  6] 4[1  2] 5[2] 6[2  3] 7[2]
1247: 1[2  3  4] 2[1  5  4  6  3  7] 3[1  2] 4[1  2] 5[2] 6[2] 7[2]
1248: 1[2  3  4] 2[1  5  4  3  6] 3[1  2  7] 4[1  2] 5[2] 6[2] 7[3]
1249: 1[2  3  4  5] 2[1  5  4  3  6] 3[1  2  7] 4[1  2] 5[1  2] 6[2] 7[3]
1250: 1[2  3  4  5] 2[1  4  6  3  7] 3[1  2  6] 4[1  2] 5[1] 6[2  3] 7[2]
1251: 1[2  3  4  5] 2[1  5  4  6  3  7] 3[1  2] 4[1  2] 5[1  2] 6[2] 7[2]
1252: 1[2  3  4  5  6] 2[1  3] 3[1  2  6  5  4] 4[1  3] 5[1  3  7] 6[1  3] 7[5]
1253: 1[2  3  4  5  6] 2[1] 3[1  6  7  5  4] 4[1  3] 5[1  3  7] 6[1  3] 7[3  5]
1254: 1[2  3  4  5  6] 2[1  6] 3[1  6] 4[1  6] 5[1  6] 6[1  5  4  7  3  2] 7[6]
1255: 1[2  3  4  5  6] 2[1] 3[1  6  7] 4[1  6] 5[1  6] 6[1  5  4  7  3] 7[3  6]
1256: 1[2  3  4  5  6  7] 2[1  7] 3[1  7] 4[1  7] 5[1  7] 6[1  7] 7[1  6  5  4  3  2]
1257: 1[2  3  4  5  6] 2[1  7  6  5  4  3] 3[1  2] 4[1  2] 5[1  2] 6[1  2] 7[2]
1258: 1[2  3  4  5  6] 2[1  7  6  5  4] 3[1] 4[1  2] 5[1  2] 6[1  2] 7[2]
1259: 1[2  3  4  5] 2[1  6] 3[1  6] 4[1  6] 5[1  6] 6[2  7  5  4  3] 7[6]
1260: 1[2  3  4  5] 2[1  6  5  4  3  7] 3[1  2] 4[1  2] 5[1  2] 6[2] 7[2]
1261: 1[2  3  4  5  6] 2[1  7] 3[1  7] 4[1  7] 5[1  7] 6[1  7] 7[2  6  5  4  3]
1262: 1[2  3  4  5  6  7] 2[1  7  3] 3[1  2  7  6  5  4] 4[1  3] 5[1  3] 6[1  3  7] 7[1  6  3  2]
1263: 1[2  3  4  5  6] 2[1  4  7] 3[1  7  4] 4[1  3  7  2  6  5] 5[1  4] 6[1  4] 7[2  4  3]
1264: 1[2  3  4  5] 2[1  6  7  5  4  3] 3[1  2] 4[1  2] 5[1  2  7] 6[2  7] 7[2  6  5]
1265: 1[2  3  4  5] 2[1  6  5  4  3] 3[1  2] 4[1  2] 5[1  2  6] 6[2  7  5] 7[6]
1266: 1[2  3  4  5] 2[1  5  4  3] 3[1  2] 4[1  2] 5[1  2  6] 6[5  7] 7[6]
1267: 1[2  3  4] 2[1  5] 3[1  5] 4[1  5  6] 5[2  7  6  4  3] 6[4  5  7] 7[5  6]
1268: 1[2  3  4] 2[1  5] 3[1  5] 4[1  5  6] 5[2  6  4  3] 6[4  5  7] 7[6]
1269: 1[2  3  4] 2[1  5] 3[1  5] 4[1  5  6] 5[2  4  3] 6[4  7] 7[6]
1270: 1[2  3  4  5] 2[1  6  7  5  4] 3[1] 4[1  2] 5[1  2  7] 6[2  7] 7[2  6  5]
1271: 1[2  3  4  5] 2[1  6  7] 3[1  7] 4[1  7] 5[1  7  6] 6[2  5  7] 7[2  6  5  4  3]
1272: 1[2  3  4  5] 2[1  6] 3[1  7] 4[1  7] 5[1  7  6] 6[2  5  7] 7[3  6  5  4]
1273: 1[2  3  4  5] 2[1  5  6  4  3  7] 3[1  2] 4[1  2  6] 5[1  6  2] 6[2  5  4] 7[2]
1274: 1[2  3  4] 2[1  5  6  4  3  7] 3[1  2] 4[1  2  6] 5[2  6] 6[2  5  4] 7[2]
1275: 1[2  3  4] 2[1  5  4  3  6] 3[1  2] 4[1  2  5] 5[2  7  4] 6[2] 7[5]
1276: 1[2  3  4] 2[1  4  3  5] 3[1  2] 4[1  2  6] 5[2] 6[4  7] 7[6]
1277: 1[2  3  4] 2[1  5  6] 3[1  6] 4[1  6  5] 5[2  4  6] 6[2  5  4  3  7] 7[6]
1278: 1[2  3  4] 2[1  5] 3[1  6] 4[1  6  5] 5[2  4  6] 6[3  7  5  4] 7[6]
1279: 1[2  3  4] 2[1  5] 3[1  6] 4[1  6  5] 5[2  4] 6[3  7  4] 7[6]
1280: 1[2  3  4  5] 2[1  6  3] 3[1  2  6  4  7] 4[1  3] 5[1  6] 6[2  5  3] 7[3]
1281: 1[2  3  4] 2[1  5  6] 3[1  6] 4[1  5] 5[2  4  6] 6[2  5  3  7] 7[6]
1282: 1[2  3  4] 2[1  5] 3[1  6] 4[1  5] 5[2  4  6] 6[3  7  5] 7[6]
1283: 1[2  3  4  5] 2[1  6  3] 3[1  2  4  7] 4[1  3] 5[1  6] 6[2  5] 7[3]
1284: 1[2  3  4] 2[1  5  6] 3[1  6] 4[1  5] 5[2  4] 6[2  3  7] 7[6]
1285: 1[2  3  4  5  6] 2[1  7  3] 3[1  2  7  6  5] 4[1] 5[1  3] 6[1  3  7] 7[2  6  3]
1286: 1[2  3  4  5] 2[1  6  7] 3[1] 4[1  7] 5[1  7  6] 6[2  5  7] 7[2  6  5  4]
1287: 1[2  3  4  5  6] 2[1  7  3] 3[1  2  6  5  4] 4[1  3] 5[1  3] 6[1  3  7] 7[2  6]
1288: 1[2  3  4  5] 2[1  6  7] 3[1  7] 4[1  7] 5[1  7  6] 6[2  5] 7[2  5  4  3]
1289: 1[2  3  4  5] 2[1  5  4  3  6] 3[1  2] 4[1  2  7] 5[1  7  2] 6[2] 7[4  5]
1290: 1[2  3  4  5] 2[1  4  3  6] 3[1  2] 4[1  2  7] 5[1  7] 6[2] 7[4  5]
1291: 1[2  3  4] 2[1  5  6] 3[1  6] 4[1  6  5] 5[2  4] 6[2  4  3  7] 7[6]
1292: 1[2  3  4  5  6] 2[1  7  3] 3[1  2  7  5  4] 4[1  3] 5[1  3] 6[1  7] 7[2  6  3]
1293: 1[2  3  4  5  6] 2[1  6  3  7] 3[1  7  2  6  5  4] 4[1  3] 5[1  3] 6[1  3  2] 7[2  3]
1294: 1[2  3  4  5  6] 2[1  6  3  7] 3[1  2  6  5  4] 4[1  3] 5[1  3] 6[1  3  2] 7[2]
1295: 1[2  3  4  5] 2[1  6] 3[1  6] 4[1  6  5] 5[1  4  6  7] 6[2  7  5  4  3] 7[5  6]
1296: 1[2  3  4  5] 2[1  6] 3[1  6] 4[1  5] 5[1  4  6  7] 6[2  7  5  3] 7[5  6]
1297: 1[2  3  4  5] 2[1  6  5  4  3  7] 3[1  2] 4[1  2  5] 5[1  4  2  6] 6[2  5] 7[2]
1298: 1[2  3  4  5] 2[1  5  4  3  6] 3[1  2] 4[1  2  5] 5[1  4  2  7] 6[2] 7[5]
1299: 1[2  3  4  5] 2[1  5  3  6] 3[1  2] 4[1  5] 5[1  4  2  7] 6[2] 7[5]
1300: 1[2  3  4  5] 2[1  6  5  3  7] 3[1  2] 4[1  5] 5[1  4  2  6] 6[2  5] 7[2]
1301: 1[2  3  4  5] 2[1  6  3  7] 3[1  2] 4[1  5] 5[1  4  6] 6[2  5] 7[2]
1302: 1[2  3  4  5] 2[1  6  3  7] 3[1  7  2  6  5  4] 4[1  3] 5[1  3] 6[2  3] 7[2  3]
1303: 1[2  3  4  5] 2[1  6  3  7] 3[1  2  6  5  4] 4[1  3] 5[1  3] 6[2  3] 7[2]
1304: 1[2  3  4  5] 2[1  3  6] 3[1  2  7  5  4] 4[1  3] 5[1  3] 6[2] 7[3]
1305: 1[2  3  4] 2[1  5] 3[1  5] 4[1  6  5  7] 5[2  7  4  6  3] 6[4  5] 7[4  5]
1306: 1[2  3  4  5] 2[1  5] 3[1  5] 4[1  6  5  7] 5[1  7  4  3  2] 6[4] 7[4  5]
1307: 1[2  3  4  5] 2[1  5] 3[1  5] 4[1  5  6] 5[1  6  4  7  3  2] 6[4  5] 7[5]
1308: 1[2  3  4  5] 2[1  5] 3[1  5] 4[1  6] 5[1  6  7  3  2] 6[4  5] 7[5]
1309: 1[2  3  4  5] 2[1] 3[1  5] 4[1  6  5  7] 5[1  7  4  6  3] 6[4  5] 7[4  5]
1310: 1[2  3  4  5] 2[1] 3[1  5] 4[1  5  6] 5[1  6  4  7  3] 6[4  5] 7[5]
1311: 1[2  3  4  5] 2[1] 3[1  5] 4[1  6] 5[1  6  7  3] 6[4  5] 7[5]
1312: 1[2  3  4  5  6] 2[1] 3[1  6] 4[1  6  5] 5[1  4  6  7] 6[1  7  5  4  3] 7[5  6]
1313: 1[2  3  4  5  6] 2[1  6] 3[1  6] 4[1  5] 5[1  4  6  7] 6[1  7  5  3  2] 7[5  6]
1314: 1[2  3  4  5  6] 2[1] 3[1  6] 4[1  5] 5[1  4  6  7] 6[1  7  5  3] 7[5  6]
1315: 1[2  3  4  5  6] 2[1  3  7] 3[1  7  2  5] 4[1] 5[1  3] 6[1] 7[2  3]
1316: 1[2  3  4  5  6] 2[1  6  7] 3[1  7  5] 4[1] 5[1  3] 6[1  2] 7[2  3]
1317: 1[2  3  4  5] 2[1  6  7] 3[1  7  5] 4[1] 5[1  3] 6[2] 7[2  3]
1318: 1[2  3  4  5  6] 2[1  6  7] 3[1  7  5  4] 4[1  3] 5[1  3] 6[1  2] 7[2  3]
1319: 1[2  3  4  5] 2[1  6  7] 3[1  7  5  4] 4[1  3] 5[1  3] 6[2] 7[2  3]
1320: 1[2  3  4  5  6] 2[1  6  7] 3[1  7] 4[1  7] 5[1  7  6] 6[1  5  7  2] 7[2  6  5  4  3]
1321: 1[2  3  4  5  6] 2[1  6  5  4  3  7] 3[1  2] 4[1  2  5] 5[1  4  2  6] 6[1  5  2] 7[2]
1322: 1[2  3  4  5] 2[1  5  6] 3[1  6] 4[1  6  5] 5[1  4  6  2] 6[2  5  4  3  7] 7[6]
1323: 1[2  3  4  5] 2[1  5] 3[1  6] 4[1  6  5] 5[1  4  6  2] 6[3  7  5  4] 7[6]
1324: 1[2  3  4  5  6] 2[1  7  4  3] 3[1  2  4] 4[1  3  2  7  6  5] 5[1  4] 6[1  4] 7[2  4]
1325: 1[2  3  4  5] 2[1  6  3] 3[1  2  6  7  5  4] 4[1  3] 5[1  3] 6[2  7  3] 7[3  6]
1326: 1[2  3  4  5] 2[1  6  3] 3[1  2  6  5  4] 4[1  3] 5[1  3] 6[2  7  3] 7[6]
1327: 1[2  3  4  5] 2[1  6  3] 3[1  2  5  4] 4[1  3] 5[1  3] 6[2  7] 7[6]
1328: 1[2  3  4] 2[1  5  6  7  4  3] 3[1  2] 4[1  2] 5[2  6] 6[2  5  7] 7[2  6]
1329: 1[2  3  4] 2[1  5  6  4  3] 3[1  2] 4[1  2] 5[2  6] 6[2  5  7] 7[6]
1330: 1[2  3  4] 2[1  5  4  3] 3[1  2] 4[1  2] 5[2  6] 6[5  7] 7[6]
1331: 1[2  3] 2[1  4] 3[1  4] 4[2  5  6  7  3] 5[4  6] 6[4  5  7] 7[4  6]
1332: 1[2  3] 2[1  4] 3[1  4] 4[2  5  6  3] 5[4  6] 6[4  5  7] 7[6]
1333: 1[2  3] 2[1  4] 3[1  4] 4[2  5  3] 5[4  6] 6[5  7] 7[6]
1334: 1[2  3  4] 2[1  4] 3[1  4] 4[1  5  6  3  2] 5[4  7  6] 6[4  5] 7[5]
1335: 1[2  3  4] 2[1  4] 3[1  4] 4[1  5  3  2] 5[4  6  7] 6[5] 7[5]
1336: 1[2  3  4  5] 2[1  5  4  6  3  7] 3[1  2] 4[1  6  2  5] 5[1  4  2] 6[2  4] 7[2]
1337: 1[2  3  4] 2[1  5  3] 3[1  2  5  6  4  7] 4[1  3] 5[2  6  3] 6[3  5] 7[3]
1338: 1[2  3] 2[1  4  5  6  3  7] 3[1  2] 4[2  5] 5[2  4  6] 6[2  5] 7[2]
1339: 1[2  3] 2[1  4  5  3  6] 3[1  2] 4[2  5] 5[2  4  7] 6[2] 7[5]
1340: 1[2  3] 2[1  4  3  5] 3[1  2] 4[2  6] 5[2] 6[4  7] 7[6]
1341: 1[2  3] 2[1  4  3  5] 3[1  2] 4[2  6  7] 5[2] 6[4] 7[4]
1342: 1[2  3] 2[1  4  5] 3[1  5] 4[2  6  5] 5[2  4  6  3  7] 6[4  5] 7[5]
1343: 1[2  3] 2[1  4  5] 3[1  5] 4[2  6  5] 5[2  4  3  7] 6[4] 7[5]
1344: 1[2  3] 2[1  4  5] 3[1  5] 4[2  6] 5[2  3  7] 6[4] 7[5]
1345: 1[2  3] 2[1  4] 3[1  5] 4[2  6  5] 5[3  7  4] 6[4] 7[5]
1346: 1[2  3] 2[1  4] 3[1  5] 4[2  6  5] 5[3  7  4  6] 6[4  5] 7[5]
1347: 1[2  3] 2[1  4] 3[1  5] 4[2  6] 5[3  7  6] 6[4  5] 7[5]
1348: 1[2  3  4] 2[1  5  3] 3[1  2  5  4  6] 4[1  3] 5[2  7  3] 6[3] 7[5]
1349: 1[2  3  4] 2[1  5  3] 3[1  2  4  6] 4[1  3] 5[2  7] 6[3] 7[5]
1350: 1[2  3  4] 2[1  5] 3[1  4  6] 4[1  3] 5[2  7] 6[3] 7[5]
1351: 1[2  3  4] 2[1  4  5] 3[1  5] 4[1  6  5  2] 5[2  4  6  3  7] 6[4  5] 7[5]
1352: 1[2  3  4] 2[1  4] 3[1  5] 4[1  6  5  2] 5[3  7  4  6] 6[4  5] 7[5]
1353: 1[2  3  4] 2[1  4] 3[1  5] 4[1  6  2] 5[3  7  6] 6[4  5] 7[5]
1354: 1[2  3  4  5] 2[1  5  3] 3[1  2  5  4  6] 4[1  3] 5[1  7  3  2] 6[3] 7[5]
1355: 1[2  3  4  5] 2[1  5  3] 3[1  2  4  6] 4[1  3] 5[1  7  2] 6[3] 7[5]
1356: 1[2  3  4  5] 2[1  5  3] 3[1  2  5  6  4  7] 4[1  3] 5[1  3  2] 6[3] 7[3]
1357: 1[2  3  4] 2[1  4  5] 3[1  5] 4[1  5  2] 5[2  4  6  3  7] 6[5] 7[5]
1358: 1[2  3  4] 2[1  4  5] 3[1  5] 4[1  2] 5[2  6  3  7] 6[5] 7[5]
1359: 1[2  3  4  5] 2[1  5  3] 3[1  2  6  4  7] 4[1  3] 5[1  2] 6[3] 7[3]
1360: 1[2  3  4  5] 2[1  5] 3[1  6  4  7] 4[1  3] 5[1  2] 6[3] 7[3]
1361: 1[2  3  4  5  6] 2[1  6  3] 3[1  2  6  7  5  4] 4[1  3] 5[1  3] 6[1  3  2] 7[3]
1362: 1[2  3  4  5] 2[1  6  3] 3[1  2  6  7  5  4] 4[1  3] 5[1  3] 6[2  3] 7[3]
1363: 1[2  3  4  5] 2[1  6  3] 3[1  2  7  5  4] 4[1  3] 5[1  3] 6[2] 7[3]
1364: 1[2  3  4  5] 2[1  6] 3[1  7  5  4] 4[1  3] 5[1  3] 6[2] 7[3]
1365: 1[2  3  4] 2[1  5] 3[1  5] 4[1  6] 5[2  7  3] 6[4] 7[5]
1366: 1[2  3  4] 2[1  5  6  7  4  3] 3[1  2] 4[1  2] 5[2  6] 6[2  5] 7[2]
1367: 1[2  3  4] 2[1  5  6  4  3] 3[1  2] 4[1  2] 5[2  7] 6[2] 7[5]
1368: 1[2  3  4  5  6] 2[1  6] 3[1  6] 4[1  5] 5[1  4  6] 6[1  5  7  3  2] 7[6]
1369: 1[2  3  4  5  6] 2[1] 3[1  6] 4[1  7  6  5] 5[1  4  6] 6[1  5  4  7  3] 7[4  6]
1370: 1[2  3  4  5] 2[1  6  3] 3[1  2  6  7  5] 4[1] 5[1  3] 6[2  7  3] 7[3  6]
1371: 1[2  3  4] 2[1  5  6  7  4] 3[1] 4[1  2] 5[2  6] 6[2  5  7] 7[2  6]
1372: 1[2  3  4] 2[1  5  6  4] 3[1] 4[1  2] 5[2  6] 6[2  5  7] 7[6]
1373: 1[2  3  4] 2[1  5  6  4] 3[1] 4[1  2] 5[2  7  6] 6[2  5] 7[5]
1374: 1[2  3  4] 2[1  5  6] 3[1] 4[1  6] 5[2  7  6] 6[2  5  7  4] 7[5  6]
1375: 1[2  3  4] 2[1  5] 3[1] 4[1  6] 5[2  7  6] 6[4  5  7] 7[5  6]
1376: 1[2  3  4  5] 2[1  5  6] 3[1] 4[1  6] 5[1  7  6  2] 6[2  5  7  4] 7[5  6]
1377: 1[2  3  4  5  6] 2[1  6  3] 3[1  2  6  5  4] 4[1  3] 5[1  3] 6[1  7  3  2] 7[6]
1378: 1[2  3  4  5  6  7] 2[1  7  3] 3[1  2  7  6  5  4] 4[1  3] 5[1  3] 6[1  3] 7[1  3  2]
1379: 1[2  3  4  5  6] 2[1  7  3] 3[1  2  7  6  5  4] 4[1  3] 5[1  3] 6[1  3] 7[2  3]
1380: 1[2  3  4  5  6] 2[1  7  3] 3[1  2  6  5  4] 4[1  3] 5[1  3] 6[1  3] 7[2]
1381: 1[2  3  4  5] 2[1  6  7  5  4  3] 3[1  2] 4[1  2] 5[1  2] 6[2  7] 7[2  6]
1382: 1[2  3  4  5] 2[1  6  5  4  3] 3[1  2] 4[1  2] 5[1  2] 6[2  7] 7[6]
1383: 1[2  3  4] 2[1  5] 3[1  5] 4[1  5] 5[2  6  4  3] 6[5  7] 7[6]
1384: 1[2  3  4] 2[1  5] 3[1  5] 4[1  5] 5[2  6  7  4  3] 6[5  7] 7[5  6]
1385: 1[2  3  4  5] 2[1  5  6  4  3  7] 3[1  2] 4[1  2] 5[1  6  2] 6[2  5] 7[2]
1386: 1[2  3  4  5] 2[1  5  4  3  6] 3[1  2] 4[1  2] 5[1  7  2] 6[2] 7[5]
1387: 1[2  3  4  5] 2[1  4  3  6] 3[1  2] 4[1  2] 5[1  7] 6[2] 7[5]
1388: 1[2  3  4] 2[1  5  6] 3[1  6] 4[1  6] 5[2] 6[2  4  3  7] 7[6]
1389: 1[2  3  4] 2[1  5  6  4  3  7] 3[1  2] 4[1  2] 5[2  6] 6[2  5] 7[2]
1390: 1[2  3  4] 2[1  5  4  3  6] 3[1  2] 4[1  2] 5[2  7] 6[2] 7[5]
1391: 1[2  3  4] 2[1  5  6] 3[1  6] 4[1  6] 5[2  6] 6[2  5  4  3  7] 7[6]
1392: 1[2  3  4  5  6] 2[1  7  3] 3[1  2  7  6  5] 4[1] 5[1  3] 6[1  3] 7[2  3]
1393: 1[2  3  4  5] 2[1  6  7  5  4] 3[1] 4[1  2] 5[1  2] 6[2  7] 7[2  6]
1394: 1[2  3  4  5] 2[1  6  7] 3[1] 4[1  7] 5[1  7] 6[2  7] 7[2  6  5  4]
1395: 1[2  3  4  5  6] 2[1  3  7] 3[1  7  2  6  5  4] 4[1  3] 5[1  3] 6[1  3] 7[2  3]
1396: 1[2  3  4  5  6] 2[1  7] 3[1  7  6  5  4] 4[1  3] 5[1  3] 6[1  3] 7[2  3]
1397: 1[2  3  4  5] 2[1  6] 3[1  6] 4[1  6] 5[1  7] 6[2  7  4  3] 7[5  6]
1398: 1[2  3  4  5] 2[1  6] 3[1  6] 4[1  6] 5[1  6  7] 6[2  7  5  4  3] 7[5  6]
1399: 1[2  3  4  5] 2[1  6] 3[1  6] 4[1  6] 5[1  6  7] 6[2  5  4  3] 7[5]
1400: 1[2  3  4  5] 2[1  6  5  4  3  7] 3[1  2] 4[1  2] 5[1  2  6] 6[2  5] 7[2]
1401: 1[2  3  4  5] 2[1  6  4  3  7] 3[1  2] 4[1  2] 5[1  6] 6[2  5] 7[2]
1402: 1[2  3  4  5] 2[1  5  4  3  6] 3[1  2] 4[1  2] 5[1  2  7] 6[2] 7[5]
1403: 1[2  3  4  5  6] 2[1  6  5  4  3] 3[1  2] 4[1  2] 5[1  2] 6[1  2  7] 7[6]
1404: 1[2  3  4  5  6] 2[1  7  6  5  4] 3[1] 4[1  2] 5[1  2] 6[1  2  7] 7[2  6]
1405: 1[2  3  4  5  6] 2[1  6  7] 3[1  7] 4[1  7] 5[1  7] 6[1  7  2] 7[2  6  5  4  3]
1406: 1[2  3  4  5  6] 2[1  6  5  4  3  7] 3[1  2] 4[1  2] 5[1  2  6] 6[1  5  2] 7[2]
1407: 1[2  3  4  5] 2[1  5  6] 3[1  6] 4[1  6] 5[1  6  2] 6[2  5  4  3  7] 7[6]
1408: 1[2  3  4  5] 2[1  5] 3[1  6] 4[1  6] 5[1  6  2] 6[3  7  5  4] 7[6]
1409: 1[2  3  4  5  6  7] 2[1  7  3] 3[1  2  7  6  5  4] 4[1  3] 5[1  3  6] 6[1  5  3] 7[1  3  2]
1410: 1[2  3  4  5  6] 2[1  7  3] 3[1  2  7  6  5  4] 4[1  3] 5[1  3  6] 6[1  5  3] 7[2  3]
1411: 1[2  3  4  5] 2[1  6  7  5  4  3] 3[1  2] 4[1  2  5] 5[1  4  2] 6[2  7] 7[2  6]
1412: 1[2  3  4  5] 2[1  6  5  4  3] 3[1  2] 4[1  2  5] 5[1  4  2] 6[2  7] 7[6]
1413: 1[2  3  4  5] 2[1  5  6  4  3  7] 3[1  2  4] 4[1  3  2] 5[1  6  2] 6[2  5] 7[2]
1414: 1[2  3  4] 2[1  5  6  4  3  7] 3[1  2  4] 4[1  3  2] 5[2  6] 6[2  5] 7[2]
1415: 1[2  3  4] 2[1  5  4  3  6] 3[1  2  4] 4[1  3  2] 5[2  7] 6[2] 7[5]
1416: 1[2  3  4] 2[1  5  3  6] 3[1  2  4] 4[1  3] 5[2  7] 6[2] 7[5]
1417: 1[2  3  4] 2[1  5  6  3  7] 3[1  2  4] 4[1  3] 5[2  6] 6[2  5] 7[2]
1418: 1[2  3  4] 2[1  5  6  4  7] 3[1  4] 4[1  3  2] 5[2  6] 6[2  5] 7[2]
1419: 1[2  3  4] 2[1  5  4  6] 3[1  4] 4[1  3  2] 5[2  7] 6[2] 7[5]
1420: 1[2  3  4  5] 2[1  6  3] 3[1  2  6  4  7] 4[1  3  5] 5[1  4] 6[2  3] 7[3]
1421: 1[2  3  4  5] 2[1  5  3] 3[1  2  5] 4[1  6  5] 5[1  4  3  2  7] 6[4] 7[5]
1422: 1[2  3  4  5] 2[1  5  3] 3[1  2  5] 4[1  6] 5[1  3  2  7] 6[4] 7[5]
1423: 1[2  3  4] 2[1  5  6] 3[1  6  4] 4[1  3  6] 5[2] 6[2  4  3  7] 7[6]
1424: 1[2  3  4  5] 2[1  6  3] 3[1  2  4  7] 4[1  3  5] 5[1  4] 6[2] 7[3]
1425: 1[2  3  4  5] 2[1  6  4] 3[1  7  4] 4[1  3  7  2  6  5] 5[1  4] 6[2  4] 7[3  4]
1426: 1[2  3  4] 2[1  5  6  4  7  3] 3[1  2] 4[1  7  2] 5[2  6] 6[2  5] 7[2  4]
1427: 1[2  3  4] 2[1  5  4  6  3] 3[1  2] 4[1  6  2] 5[2  7] 6[2  4] 7[5]
1428: 1[2  3  4] 2[1  5  6  4  3] 3[1  2] 4[1  7  2] 5[2  6] 6[2  5] 7[4]
1429: 1[2  3  4] 2[1  5  4  3] 3[1  2] 4[1  6  2] 5[2  7] 6[4] 7[5]
1430: 1[2  3  4] 2[1  5  6  4] 3[1] 4[1  7  2] 5[2  6] 6[2  5] 7[4]
1431: 1[2  3  4] 2[1  4  5  3  6  7] 3[1  6  2] 4[1  5  2] 5[2  4] 6[2  3] 7[2]
1432: 1[2  3] 2[1  4  5] 3[1  6  5] 4[2  5] 5[2  4  3  6  7] 6[3  5] 7[5]
1433: 1[2  3] 2[1  4] 3[1  5  6] 4[2  6] 5[3  6] 6[3  5  7  4] 7[6]
1434: 1[2  3] 2[1  4] 3[1  5  6] 4[2  6] 5[3] 6[3  7  4] 7[6]
1435: 1[2  3  4] 2[1  5  3] 3[1  2  4  6  7] 4[1  6  3] 5[2] 6[3  4] 7[3]
1436: 1[2  3  4] 2[1  5] 3[1  4  6  7] 4[1  6  3] 5[2] 6[3  4] 7[3]
1437: 1[2  3] 2[1  4  5] 3[1  6  5] 4[2] 5[2  3  6  7] 6[3  5] 7[5]
1438: 1[2  3  4] 2[1  5  3] 3[1  2  4  6] 4[1  7  3] 5[2] 6[3] 7[4]
1439: 1[2  3  4] 2[1  5] 3[1  4  6] 4[1  7  3] 5[2] 6[3] 7[4]
1440: 1[2  3] 2[1  4  5] 3[1  6  5] 4[2] 5[2  3  7] 6[3] 7[5]
1441: 1[2  3  4] 2[1  5  3] 3[1  2  5  4  6] 4[1  7  3] 5[2  3] 6[3] 7[4]
1442: 1[2  3] 2[1  4  5] 3[1  6  5] 4[2  5] 5[2  4  3  7] 6[3] 7[5]
1443: 1[2  3  4  5] 2[1  6  3] 3[1  2  6  7  4] 4[1  3] 5[1  7] 6[2  3] 7[3  5]
1444: 1[2  3  4  5] 2[1  6  3] 3[1  2  7  4] 4[1  3] 5[1  7] 6[2] 7[3  5]
1445: 1[2  3  4  5] 2[1  6  3] 3[1  2  6  5  4] 4[1  3] 5[1  7  3] 6[2  3] 7[5]
1446: 1[2  3  4  5] 2[1  6  3] 3[1  2  6  5] 4[1] 5[1  7  3] 6[2  3] 7[5]
1447: 1[2  3  4] 2[1  5  6] 3[1] 4[1  7  6] 5[2  6] 6[2  5  4] 7[4]
1448: 1[2  3  4  5] 2[1  6  3] 3[1  2  6  5  7  4] 4[1  3] 5[1  3] 6[2  3] 7[3]
1449: 1[2  3  4] 2[1  5  6  4  7  3] 3[1  2] 4[1  2] 5[2  6] 6[2  5] 7[2]
1450: 1[2  3  4] 2[1  5  6  4  7] 3[1] 4[1  2] 5[2  6] 6[2  5] 7[2]
1451: 1[2  3] 2[1  4] 3[1  4] 4[2  5  6  3  7] 5[4  6] 6[4  5] 7[4]
1452: 1[2  3] 2[1  4  5  3  6  7] 3[1  2] 4[2  5] 5[2  4] 6[2] 7[2]
1453: 1[2  3] 2[1  4  3  5  6] 3[1  2] 4[2  7] 5[2] 6[2] 7[4]
1454: 1[2  3  4] 2[1  5  4  6  3] 3[1  2] 4[1  2] 5[2  7] 6[2] 7[5]
1455: 1[2  3  4] 2[1  5  4  6] 3[1] 4[1  2] 5[2  7] 6[2] 7[5]
1456: 1[2  3] 2[1  4] 3[1  4] 4[2  5  3  6] 5[4  7] 6[4] 7[5]
1457: 1[2  3  4] 2[1  4  5  3  6  7] 3[1  2] 4[1  5  2] 5[2  4] 6[2] 7[2]
1458: 1[2  3] 2[1  4  5] 3[1  5] 4[2  5] 5[2  4  3  6  7] 6[5] 7[5]
1459: 1[2  3] 2[1  4] 3[1  5] 4[2  5] 5[3  6  7  4] 6[5] 7[5]
1460: 1[2  3  4  5] 2[1  6  3] 3[1  2  5  7  4] 4[1  3] 5[1  3] 6[2] 7[3]
1461: 1[2  3  4  5] 2[1  6] 3[1  5  7  4] 4[1  3] 5[1  3] 6[2] 7[3]
1462: 1[2  3  4] 2[1  5] 3[1  5] 4[1  6] 5[2  3  7] 6[4] 7[5]
1463: 1[2  3  4] 2[1  4  3  5  6] 3[1  2] 4[1  7  2] 5[2] 6[2] 7[4]
1464: 1[2  3  4] 2[1  3  5  6] 3[1  2] 4[1  7] 5[2] 6[2] 7[4]
1465: 1[2  3] 2[1  4  5] 3[1  5] 4[2] 5[2  3  6  7] 6[5] 7[5]
1466: 1[2  3  4  5] 2[1  6  3] 3[1  2  5  7] 4[1] 5[1  3] 6[2] 7[3]
1467: 1[2  3  4] 2[1  5  6] 3[1] 4[1  6] 5[2] 6[2  4  7] 7[6]
1468: 1[2  3  4  5] 2[1  6  3] 3[1  2  6  5  7] 4[1] 5[1  3] 6[2  3] 7[3]
1469: 1[2  3  4] 2[1  5  6] 3[1] 4[1  6] 5[2  6] 6[2  5  4  7] 7[6]
1470: 1[2  3  4  5] 2[1  6  3] 3[1  2  6  5  7] 4[1] 5[1  7  3] 6[2  3] 7[3  5]
1471: 1[2  3  4] 2[1  5  6] 3[1] 4[1  7  6] 5[2  6] 6[2  5  4  7] 7[4  6]
1472: 1[2  3  4  5] 2[1  6  3] 3[1  2  5  7  4] 4[1  3] 5[1  7  3] 6[2] 7[3  5]
1473: 1[2  3  4  5] 2[1  6] 3[1  5  7  4] 4[1  3] 5[1  7  3] 6[2] 7[3  5]
1474: 1[2  3  4  5] 2[1  6  3] 3[1  2  5  4] 4[1  3] 5[1  7  3] 6[2] 7[5]
1475: 1[2  3  4  5] 2[1  4  6] 3[1  7  4] 4[1  3  7  6  2  5] 5[1  4] 6[2  4] 7[3  4]
1476: 1[2  3  4] 2[1  5  6  7  4  3] 3[1  2] 4[1  2  7] 5[2  6] 6[2  5] 7[2  4]
1477: 1[2  3  4] 2[1  5  6  4  3] 3[1  2] 4[1  2  6] 5[2  7] 6[2  4] 7[5]
1478: 1[2  3] 2[1  4] 3[1  4  5] 4[2  6  5  3] 5[3  4] 6[4  7] 7[6]
1479: 1[2  3  4] 2[1  4] 3[1  4  5] 4[1  6  3  2] 5[3] 6[4  7] 7[6]
1480: 1[2  3] 2[1  4] 3[1  4  5] 4[2  6  7  5  3] 5[3  4] 6[4  7] 7[4  6]
1481: 1[2  3] 2[1  4] 3[1  4  5] 4[2  6  7  3] 5[3] 6[4  7] 7[4  6]
1482: 1[2  3  4] 2[1  4] 3[1  4  5] 4[1  6  7  3  2] 5[3] 6[4  7] 7[4  6]
1483: 1[2  3  4  5] 2[1  5] 3[1  5  6] 4[1  7  5] 5[1  4  7  3  2] 6[3] 7[4  5]
1484: 1[2  3  4  5] 2[1  5] 3[1  5  6] 4[1  7  5] 5[1  4  6  3  2] 6[3  5] 7[4]
1485: 1[2  3  4  5] 2[1  5] 3[1  5  6] 4[1  7] 5[1  6  3  2] 6[3  5] 7[4]
1486: 1[2  3  4  5] 2[1  5] 3[1  5  6] 4[1  7  5] 5[1  4  3  2] 6[3] 7[4]
1487: 1[2  3  4  5  6] 2[1  6] 3[1  4] 4[1  3  6] 5[1  7  6] 6[1  5  7  4  2] 7[5  6]
1488: 1[2  3  4  5] 2[1  6  7  5  3] 3[1  2] 4[1  5] 5[1  4  2] 6[2  7] 7[2  6]
1489: 1[2  3  4  5  6] 2[1  6  7  5] 3[1] 4[1  5] 5[1  4  2] 6[1  7  2] 7[2  6]
1490: 1[2  3  4  5] 2[1  6  7  5] 3[1] 4[1  5] 5[1  4  2] 6[2  7] 7[2  6]
1491: 1[2  3  4  5] 2[1  6  7] 3[1] 4[1  5] 5[1  4  7] 6[2  7] 7[2  6  5]
1492: 1[2  3  4  5  6] 2[1  6  4] 3[1  7  4] 4[1  3  7  2  6] 5[1] 6[1  4  2] 7[3  4]
1493: 1[2  3  4  5] 2[1  6  7  5  4] 3[1] 4[1  2  5] 5[1  4  2] 6[2  7] 7[2  6]
1494: 1[2  3  4  5] 2[1  6  7] 3[1] 4[1  7  5] 5[1  4  7] 6[2  7] 7[2  6  5  4]
1495: 1[2  3  4  5] 2[1  4  6] 3[1  7  4] 4[1  3  7  6  2] 5[1] 6[2  4] 7[3  4]
1496: 1[2  3  4] 2[1  5  6  7  4] 3[1] 4[1  2  7] 5[2  6] 6[2  5] 7[2  4]
1497: 1[2  3  4] 2[1  5  6  4] 3[1] 4[1  2  7] 5[2  6] 6[2  5] 7[4]
1498: 1[2  3  4] 2[1  5  6  4] 3[1] 4[1  2  6] 5[2  7] 6[2  4] 7[5]
1499: 1[2  3  4] 2[1  5  6] 3[1] 4[1  6  7] 5[2  6] 6[2  5  7  4] 7[4  6]
1500: 1[2  3  4  5  6] 2[1  7  3] 3[1  2  6  5  4] 4[1  3] 5[1  3  6] 6[1  5  3] 7[2]
1501: 1[2  3  4  5  6] 2[1  7  3] 3[1  2  7  5  4] 4[1  3] 5[1  3  6] 6[1  5] 7[2  3]
1502: 1[2  3  4  5  6] 2[1  3  7] 3[1  7  2  6  5  4] 4[1  3] 5[1  3  6] 6[1  5  3] 7[2  3]
1503: 1[2  3  4  5  6] 2[1  3  7] 3[1  2  6  5  4] 4[1  3] 5[1  3  6] 6[1  5  3] 7[2]
1504: 1[2  3  4  5] 2[1  6] 3[1  6  4] 4[1  3  6] 5[1  6  7] 6[2  7  5  4  3] 7[5  6]
1505: 1[2  3  4  5] 2[1  6] 3[1  6  4] 4[1  3  6] 5[1  6  7] 6[2  5  4  3] 7[5]
1506: 1[2  3  4  5] 2[1  6] 3[1  4] 4[1  3  6] 5[1  6  7] 6[2  7  5  4] 7[5  6]
1507: 1[2  3  4  5] 2[1  6  5  4  3  7] 3[1  2  4] 4[1  3  2] 5[1  2  6] 6[2  5] 7[2]
1508: 1[2  3  4  5] 2[1  5  4  3  6] 3[1  2  4] 4[1  3  2] 5[1  2  7] 6[2] 7[5]
1509: 1[2  3  4  5] 2[1  6  5  3  7] 3[1  2  4] 4[1  3] 5[1  2  6] 6[2  5] 7[2]
1510: 1[2  3  4  5] 2[1  6  4  3  7] 3[1  2  4] 4[1  3  2] 5[1  6] 6[2  5] 7[2]
1511: 1[2  3  4  5] 2[1  6  3  7] 3[1  2  4] 4[1  3] 5[1  6] 6[2  5] 7[2]
1512: 1[2  3  4  5] 2[1  6  4] 3[1  4  7] 4[1  7  3  2  6  5] 5[1  4] 6[2  4] 7[3  4]
1513: 1[2  3  4  5] 2[1  6  4] 3[1  4  7] 4[1  3  2  6  5] 5[1  4] 6[2  4] 7[3]
1514: 1[2  3  4] 2[1  4  3  5  6] 3[1  5  2] 4[1  2  7] 5[2  3] 6[2] 7[4]
1515: 1[2  3  4] 2[1  4  3  5] 3[1  6  2] 4[1  2  7] 5[2] 6[3] 7[4]
1516: 1[2  3  4  5] 2[1  5  4  3] 3[1  2] 4[1  6  2] 5[1  2  7] 6[4] 7[5]
1517: 1[2  3  4  5] 2[1  5  4  6  3] 3[1  2] 4[1  2] 5[1  2  7] 6[2] 7[5]
1518: 1[2  3  4] 2[1  4  3  5  6] 3[1  2] 4[1  2  7] 5[2] 6[2] 7[4]
1519: 1[2  3  4  5] 2[1  5  4  6] 3[1] 4[1  2] 5[1  2  7] 6[2] 7[5]
1520: 1[2  3  4] 2[1  5] 3[1  6  5] 4[1  5  7] 5[2  7  4  3  6] 6[3  5] 7[4  5]
1521: 1[2  3  4] 2[1  5] 3[1  6  5] 4[1  5  7] 5[2  4  3  6] 6[3  5] 7[4]
1522: 1[2  3  4] 2[1  5  4  3  6  7] 3[1  6  2] 4[1  2  5] 5[2  4] 6[2  3] 7[2]
1523: 1[2  3  4] 2[1  5  4  3  6] 3[1  7  2] 4[1  2  5] 5[2  4] 6[2] 7[3]
1524: 1[2  3  4  5] 2[1  6  5  4  3] 3[1  2] 4[1  7  2] 5[1  2  6] 6[2  5] 7[4]
1525: 1[2  3  4  5] 2[1  6  5  4] 3[1] 4[1  7  2] 5[1  2  6] 6[2  5] 7[4]
1526: 1[2  3  4  5] 2[1  6  5  4  7  3] 3[1  2] 4[1  2] 5[1  2  6] 6[2  5] 7[2]
1527: 1[2  3  4] 2[1  5  4  3  6  7] 3[1  2] 4[1  2  5] 5[2  4] 6[2] 7[2]
1528: 1[2  3  4  5] 2[1  6  5  4  7] 3[1] 4[1  2] 5[1  2  6] 6[2  5] 7[2]
1529: 1[2  3  4  5] 2[1  6  5  4  7] 3[1] 4[1  7  2] 5[1  2  6] 6[2  5] 7[2  4]
1530: 1[2  3  4  5] 2[1  6  4  7  3] 3[1  2] 4[1  7  2] 5[1  6] 6[2  5] 7[2  4]
1531: 1[2  3  4] 2[1  5  3  6  7] 3[1  6  2] 4[1  5] 5[2  4] 6[2  3] 7[2]
1532: 1[2  3  4] 2[1  5  3  6] 3[1  7  2] 4[1  5] 5[2  4] 6[2] 7[3]
1533: 1[2  3  4  5] 2[1  6  7  3] 3[1  2] 4[1  7] 5[1  6] 6[2  5] 7[2  4]
1534: 1[2  3  4  5] 2[1  6  4  3] 3[1  2] 4[1  7  2] 5[1  6] 6[2  5] 7[4]
1535: 1[2  3  4  5] 2[1  6  4  7  3] 3[1  2] 4[1  2] 5[1  6] 6[2  5] 7[2]
1536: 1[2  3  4] 2[1  5  3  6  7] 3[1  2] 4[1  5] 5[2  4] 6[2] 7[2]
1537: 1[2  3  4  5] 2[1  6  4  7] 3[1] 4[1  2] 5[1  6] 6[2  5] 7[2]
1538: 1[2  3  4  5] 2[1  4  6] 3[1  4  7] 4[1  7  3  6  2  5] 5[1  4] 6[2  4] 7[3  4]
1539: 1[2  3  4  5] 2[1  4  6] 3[1  4  7] 4[1  3  6  2  5] 5[1  4] 6[2  4] 7[3]
1540: 1[2  3  4  5] 2[1  4  6] 3[1  4  7] 4[1  3  2  5] 5[1  4] 6[2] 7[3]
1541: 1[2  3  4  5] 2[1  4  6] 3[1  4  7] 4[1  3  6  2] 5[1] 6[2  4] 7[3]
1542: 1[2  3  4  5] 2[1  6  5  4  3] 3[1  2] 4[1  2  7] 5[1  2  6] 6[2  5] 7[4]
1543: 1[2  3  4  5] 2[1  6  5  7  3] 3[1  2] 4[1  7] 5[1  2  6] 6[2  5] 7[2  4]
1544: 1[2  3  4  5] 2[1  5  6  3] 3[1  2] 4[1  6] 5[1  2  7] 6[2  4] 7[5]
1545: 1[2  3  4  5] 2[1  6  5  7  4] 3[1] 4[1  2  7] 5[1  2  6] 6[2  5] 7[2  4]
1546: 1[2  3  4  5] 2[1  6  5  4] 3[1] 4[1  2  7] 5[1  2  6] 6[2  5] 7[4]
1547: 1[2  3  4  5] 2[1  6  7  4  3] 3[1  2] 4[1  2  7] 5[1  6] 6[2  5] 7[2  4]
1548: 1[2  3  4  5] 2[1  6  4  3] 3[1  2] 4[1  2  7] 5[1  6] 6[2  5] 7[4]
1549: 1[2  3  4  5  6] 2[1  7  6  5  3] 3[1  2] 4[1  5] 5[1  4  2] 6[1  2  7] 7[2  6]
1550: 1[2  3  4  5  6] 2[1  7  6  5] 3[1] 4[1  5] 5[1  4  2] 6[1  2  7] 7[2  6]
1551: 1[2  3  4  5  6] 2[1  7  6  5  4] 3[1] 4[1  2  5] 5[1  4  2] 6[1  2  7] 7[2  6]
1552: 1[2  3  4  5  6] 2[1  7  5  4  3] 3[1  2] 4[1  2  5] 5[1  4  2] 6[1  7] 7[2  6]
1553: 1[2  3  4  5  6] 2[1  7  6  4  3] 3[1  2] 4[1  2  5] 5[1  4] 6[1  2  7] 7[2  6]
1554: 1[2  3  4  5  6] 2[1  7  6  4] 3[1] 4[1  2  5] 5[1  4] 6[1  2  7] 7[2  6]
1555: 1[2  3  4  5  6] 2[1  6  7] 3[1  7] 4[1  7  5] 5[1  4  7] 6[1  7  2] 7[2  6  5  4  3]
1556: 1[2  3  4  5  6] 2[1  6  5  4  3  7] 3[1  2  4] 4[1  3  2] 5[1  2  6] 6[1  5  2] 7[2]
1557: 1[2  3  4  5] 2[1  5  6] 3[1  6  4] 4[1  3  6] 5[1  6  2] 6[2  5  4  3  7] 7[6]
1558: 1[2  3  4  5  6] 2[1  7  5] 3[1  5  4] 4[1  3  5] 5[1  4  3  2  7  6] 6[1  5] 7[2  5]
1559: 1[2  3  4  5] 2[1  5  4  3  6  7] 3[1  6  2] 4[1  2  5] 5[1  4  2] 6[2  3] 7[2]
1560: 1[2  3  4] 2[1  4  5] 3[1  6  5] 4[1  5  2] 5[2  4  3  6  7] 6[3  5] 7[5]
1561: 1[2  3  4] 2[1  4] 3[1  5  6] 4[1  6  2] 5[3  6] 6[3  5  7  4] 7[6]
1562: 1[2  3  4  5] 2[1  5  3] 3[1  2  5  4  6] 4[1  7  3] 5[1  3  2] 6[3] 7[4]
1563: 1[2  3  4] 2[1  4  5] 3[1  6  5] 4[1  5  2] 5[2  4  3  7] 6[3] 7[5]
1564: 1[2  3  4] 2[1  4] 3[1  5  6] 4[1  6  2] 5[3] 6[3  7  4] 7[6]
1565: 1[2  3  4  5  6] 2[1  6  3] 3[1  2  6  5  4] 4[1  3] 5[1  7  3] 6[1  3  2] 7[5]
1566: 1[2  3  4  5  6] 2[1  6  3] 3[1  2  6  5  7  4] 4[1  3] 5[1  3] 6[1  3  2] 7[3]
1567: 1[2  3  4  5] 2[1  5  4  3  6  7] 3[1  2] 4[1  2  5] 5[1  4  2] 6[2] 7[2]
1568: 1[2  3  4] 2[1  4  5] 3[1  5] 4[1  5  2] 5[2  4  3  6  7] 6[5] 7[5]
1569: 1[2  3  4] 2[1  4] 3[1  5] 4[1  5  2] 5[3  6  7  4] 6[5] 7[5]
1570: 1[2  3  4  5  6] 2[1  6  3] 3[1  2  6  5  7] 4[1] 5[1  3] 6[1  3  2] 7[3]
1571: 1[2  3  4  5] 2[1  5  6] 3[1] 4[1  6] 5[1  6  2] 6[2  5  4  7] 7[6]
1572: 1[2  3  4  5  6] 2[1  5  7] 3[1  5  4] 4[1  3  5] 5[1  4  3  7  2  6] 6[1  5] 7[2  5]
1573: 1[2  3  4  5] 2[1  5  4  6  3  7] 3[1  2  6] 4[1  2  5] 5[1  4  2] 6[2  3] 7[2]
1574: 1[2  3  4] 2[1  4  5] 3[1  5  6] 4[1  5  2] 5[2  4  6  3  7] 6[3  5] 7[5]
1575: 1[2  3  4  5] 2[1  5  3] 3[1  2  5  4  6] 4[1  3  7] 5[1  3  2] 6[3] 7[4]
1576: 1[2  3  4  5] 2[1  5  3] 3[1  2  4  6] 4[1  3  7] 5[1  2] 6[3] 7[4]
1577: 1[2  3  4  5] 2[1  5  3] 3[1  2  6  4  7] 4[1  3  6] 5[1  2] 6[3  4] 7[3]
1578: 1[2  3  4] 2[1  4  5] 3[1  5  6] 4[1  2] 5[2  6  3  7] 6[3  5] 7[5]
1579: 1[2  3  4  5  6] 2[1  6  3] 3[1  2  6  7  4] 4[1  3] 5[1  7] 6[1  3  2] 7[3  5]
1580: 1[2  3  4  5  6] 2[1  6  3] 3[1  2  6  7  5] 4[1] 5[1  3  7] 6[1  3  2] 7[3  5]
1581: 1[2  3  4  5  6] 2[1  6  3] 3[1  2  6  5  4] 4[1  3] 5[1  3  7] 6[1  3  2] 7[5]
1582: 1[2  3  4  5  6  7] 2[1  7  3] 3[1  2  7  6  5  4] 4[1  3  5] 5[1  4  3] 6[1  3  7] 7[1  6  3  2]
1583: 1[2  3  4  5  6] 2[1  4  7] 3[1  7  4] 4[1  3  7  2  6  5] 5[1  4  6] 6[1  5  4] 7[2  4  3]
1584: 1[2  3  4  5] 2[1  6  7  5  4  3] 3[1  2  4] 4[1  3  2] 5[1  2  7] 6[2  7] 7[2  6  5]
1585: 1[2  3  4  5] 2[1  6  5  4  3] 3[1  2  4] 4[1  3  2] 5[1  2  6] 6[2  7  5] 7[6]
1586: 1[2  3  4] 2[1  5  3] 3[1  2  5] 4[1  5  6] 5[2  6  4  3] 6[4  5  7] 7[6]
1587: 1[2  3  4  5] 2[1  5  3] 3[1  2  5] 4[1  5  6] 5[1  4  3  2] 6[4  7] 7[6]
1588: 1[2  3  4] 2[1  5  3] 3[1  2  5] 4[1  5  6] 5[2  7  6  4  3] 6[4  5  7] 7[5  6]
1589: 1[2  3  4] 2[1  3] 3[1  2  5] 4[1  5  6] 5[3  7  6  4] 6[4  5  7] 7[5  6]
1590: 1[2  3  4  5] 2[1  5  3] 3[1  2] 4[1  5  6] 5[1  7  6  4  2] 6[4  5  7] 7[5  6]
1591: 1[2  3  4] 2[1  5  3] 3[1  2] 4[1  5  6] 5[2  7  6  4] 6[4  5  7] 7[5  6]
1592: 1[2  3  4  5] 2[1  3] 3[1  2] 4[1  5  6] 5[1  7  6  4] 6[4  5  7] 7[5  6]
1593: 1[2  3  4  5] 2[1  6  7] 3[1  7  4] 4[1  3  7] 5[1  7  6] 6[2  5  7] 7[2  6  5  4  3]
1594: 1[2  3  4  5] 2[1  5  6  4  3  7] 3[1  7  2] 4[1  2  6] 5[1  6  2] 6[2  5  4] 7[2  3]
1595: 1[2  3  4] 2[1  5  6  4  3  7] 3[1  7  2] 4[1  2  6] 5[2  6] 6[2  5  4] 7[2  3]
1596: 1[2  3  4] 2[1  5  4  3  6] 3[1  6  2] 4[1  2  5] 5[2  7  4] 6[2  3] 7[5]
1597: 1[2  3  4] 2[1  4  3  5] 3[1  5  2] 4[1  2  6] 5[2  3] 6[4  7] 7[6]
1598: 1[2  3  4] 2[1  5  6  4  7] 3[1  7] 4[1  2  6] 5[2  6] 6[2  5  4] 7[2  3]
1599: 1[2  3  4] 2[1  5  6  7] 3[1  7] 4[1  6] 5[2  6] 6[2  5  4] 7[2  3]
1600: 1[2  3  4] 2[1  5  6] 3[1  6] 4[1  7] 5[2  7] 6[2  3] 7[4  5]
1601: 1[2  3  4] 2[1  5  4  6] 3[1  6] 4[1  2  5] 5[2  7  4] 6[2  3] 7[5]
1602: 1[2  3  4] 2[1  4  5] 3[1  5] 4[1  2  6] 5[2  3] 6[4  7] 7[6]
1603: 1[2  3  4] 2[1  5  6  4  3] 3[1  7  2] 4[1  2  6] 5[2  6] 6[2  5  4] 7[3]
1604: 1[2  3  4] 2[1  5  4  3] 3[1  6  2] 4[1  2  5] 5[2  7  4] 6[3] 7[5]
1605: 1[2  3  4] 2[1  4  3] 3[1  5  2] 4[1  2  6] 5[3] 6[4  7] 7[6]
1606: 1[2  3  4] 2[1  5  6] 3[1  7  6] 4[1  6  5] 5[2  4  6] 6[2  5  4  3  7] 7[3  6]
1607: 1[2  3  4] 2[1  5] 3[1  6  7] 4[1  7  5] 5[2  4  7] 6[3  7] 7[3  6  5  4]
1608: 1[2  3  4] 2[1  5] 3[1  6  7] 4[1  7  5] 5[2  4] 6[3  7] 7[3  6  4]
1609: 1[2  3  4  5] 2[1  6] 3[1  6  5  4  7] 4[1  7  3] 5[1  3  6] 6[2  5  3] 7[3  4]
1610: 1[2  3  4  5] 2[1  6] 3[1  6  4  7] 4[1  7  3] 5[1  6] 6[2  5  3] 7[3  4]
1611: 1[2  3  4  5] 2[1  6  3] 3[1  2  6  5  7] 4[1  7] 5[1  3  6] 6[2  5  3] 7[3  4]
1612: 1[2  3  4] 2[1  5  6] 3[1  7] 4[1  6  5] 5[2  4  6] 6[2  5  4  7] 7[3  6]
1613: 1[2  3  4] 2[1  5] 3[1  6] 4[1  7  5] 5[2  4  7] 6[3  7] 7[4  6  5]
1614: 1[2  3  4  5] 2[1  6  3] 3[1  2  6  7] 4[1  7] 5[1  6] 6[2  5  3] 7[3  4]
1615: 1[2  3  4  5] 2[1  6  3] 3[1  2  6  5  4] 4[1  7  3] 5[1  3  6] 6[2  5  3] 7[4]
1616: 1[2  3  4] 2[1  5  6] 3[1  7  6] 4[1  6  5] 5[2  4  6] 6[2  5  4  3] 7[3]
1617: 1[2  3  4  5] 2[1  6  3] 3[1  2  6  4] 4[1  7  3] 5[1  6] 6[2  5  3] 7[4]
1618: 1[2  3  4  5] 2[1  6  3] 3[1  2  5  4  7] 4[1  7  3] 5[1  3  6] 6[2  5] 7[3  4]
1619: 1[2  3  4] 2[1  5  6] 3[1  7  6] 4[1  6  5] 5[2  4] 6[2  4  3  7] 7[3  6]
1620: 1[2  3  4  5] 2[1  6] 3[1  5  4  7] 4[1  7  3] 5[1  3  6] 6[2  5] 7[3  4]
1621: 1[2  3  4  5] 2[1  6  3] 3[1  2  5  7] 4[1  7] 5[1  3  6] 6[2  5] 7[3  4]
1622: 1[2  3  4] 2[1  5  6] 3[1  7] 4[1  6  5] 5[2  4] 6[2  4  7] 7[3  6]
1623: 1[2  3  4  5] 2[1  6  3] 3[1  2  5  4] 4[1  7  3] 5[1  3  6] 6[2  5] 7[4]
1624: 1[2  3  4  5] 2[1  6  3] 3[1  2  6  4  7] 4[1  7  3] 5[1  6] 6[2  5  3] 7[3  4]
1625: 1[2  3  4] 2[1  5  6] 3[1  7  6] 4[1  5] 5[2  4  6] 6[2  5  3  7] 7[3  6]
1626: 1[2  3  4  5] 2[1  6  3] 3[1  2  4  7] 4[1  7  3] 5[1  6] 6[2  5] 7[3  4]
1627: 1[2  3  4  5] 2[1  5  6] 3[1  5  7] 4[1  7  5] 5[1  4  7  3  6  2] 6[2  5] 7[3  5  4]
1628: 1[2  3  4] 2[1  5  6  4  7  3] 3[1  2  7] 4[1  2  6] 5[2  6] 6[2  5  4] 7[2  3]
1629: 1[2  3  4] 2[1  5  6  7  3] 3[1  2  7] 4[1  6] 5[2  6] 6[2  5  4] 7[2  3]
1630: 1[2  3  4] 2[1  5  6  3] 3[1  2  6] 4[1  7] 5[2  7] 6[2  3] 7[4  5]
1631: 1[2  3] 2[1  4  5] 3[1  6] 4[2  7  6  5] 5[2  4] 6[3  4  7] 7[4  6]
1632: 1[2  3] 2[1  4  5] 3[1  6] 4[2  7  5] 5[2  4] 6[3  7] 7[4  6]
1633: 1[2  3] 2[1  4] 3[1  5] 4[2  6] 5[3  7] 6[4  7] 7[5  6]
1634: 1[2  3  4] 2[1  4  5] 3[1  4  6] 4[1  6  3  5  2] 5[2  4] 6[3  4  7] 7[6]
1635: 1[2  3  4] 2[1  4  5] 3[1  6] 4[1  6  5  2] 5[2  4] 6[3  4  7] 7[6]
1636: 1[2  3] 2[1  4  5] 3[1  4  6] 4[2  6  3  5] 5[2  4] 6[3  4  7] 7[6]
1637: 1[2  3  4] 2[1  4  5] 3[1  4  6] 4[1  3  5  2] 5[2  4] 6[3  7] 7[6]
1638: 1[2  3  4] 2[1  4  5] 3[1  4  6] 4[1  6  3  2] 5[2] 6[3  4  7] 7[6]
1639: 1[2  3  4] 2[1  4  5] 3[1  4  6] 4[1  3  2] 5[2] 6[3  7] 7[6]
1640: 1[2  3  4] 2[1  4  5  3  6  7] 3[1  2  5] 4[1  5  2] 5[2  4  3] 6[2  7] 7[2  6]
1641: 1[2  3] 2[1  4  5] 3[1  5  4] 4[2  3  5] 5[2  4  3  6  7] 6[5  7] 7[5  6]
1642: 1[2  3] 2[1  4  5] 3[1  4] 4[2  3  5] 5[2  4  6  7] 6[5  7] 7[5  6]
1643: 1[2  3] 2[1  4  5] 3[1  4] 4[2  3] 5[2  6  7] 6[5  7] 7[5  6]
1644: 1[2  3  4] 2[1  5  3] 3[1  2  5  4  6] 4[1  3  5] 5[2  4  3] 6[3  7] 7[6]
1645: 1[2  3] 2[1  4  5] 3[1  5  4] 4[2  3  5] 5[2  4  3  6] 6[5  7] 7[6]
1646: 1[2  3] 2[1  4  5] 3[1  4] 4[2  3  5] 5[2  4  6] 6[5  7] 7[6]
1647: 1[2  3  4  5] 2[1  6  3] 3[1  2  6  5  4] 4[1  3  7] 5[1  3  6] 6[2  5  3] 7[4]
1648: 1[2  3  4  5] 2[1  6  3] 3[1  2  6  4] 4[1  3  7] 5[1  6] 6[2  5  3] 7[4]
1649: 1[2  3  4  5] 2[1  6  3] 3[1  2  6  5] 4[1  7] 5[1  3  6] 6[2  5  3] 7[4]
1650: 1[2  3  4] 2[1  5  6] 3[1  7] 4[1  6  5] 5[2  4  6] 6[2  5  4] 7[3]
1651: 1[2  3  4  5] 2[1  6  3] 3[1  2  6  7  4] 4[1  3  7] 5[1  6] 6[2  5  3] 7[3  4]
1652: 1[2  3  4  5] 2[1  6  3] 3[1  2  7  4] 4[1  3  7] 5[1  6] 6[2  5] 7[3  4]
1653: 1[2  3  4  5  6] 2[1  7  3] 3[1  2  7  6  4] 4[1  3  5] 5[1  4] 6[1  3  7] 7[2  6  3]
1654: 1[2  3  4  5  6] 2[1  7  3] 3[1  2  7  6] 4[1  5] 5[1  4] 6[1  3  7] 7[2  6  3]
1655: 1[2  3  4  5] 2[1  6  7] 3[1  4] 4[1  3] 5[1  7  6] 6[2  5  7] 7[2  6  5]
1656: 1[2  3  4  5  6] 2[1  7  3] 3[1  2  7  6  5] 4[1  5] 5[1  4  3] 6[1  3  7] 7[2  6  3]
1657: 1[2  3  4  5] 2[1  6  7  5  4] 3[1  4] 4[1  3  2] 5[1  2  7] 6[2  7] 7[2  6  5]
1658: 1[2  3  4  5] 2[1  6  7] 3[1  4] 4[1  3  7] 5[1  7  6] 6[2  5  7] 7[2  6  5  4]
1659: 1[2  3  4  5  6] 2[1  7  3] 3[1  2  6  5  4] 4[1  3  5] 5[1  4  3] 6[1  3  7] 7[2  6]
1660: 1[2  3  4  5] 2[1  6  7] 3[1  7  4] 4[1  3  7] 5[1  7  6] 6[2  5] 7[2  5  4  3]
1661: 1[2  3  4  5] 2[1  5  6] 3[1  5  7] 4[1  7  5] 5[1  4  3  6  2] 6[2  5] 7[3  4]
1662: 1[2  3  4  5] 2[1  4  6  3] 3[1  2  6] 4[1  2  7] 5[1  7] 6[2  3] 7[4  5]
1663: 1[2  3  4] 2[1  5  6] 3[1  5  7] 4[1  7] 5[2  3  6] 6[2  5] 7[3  4]
1664: 1[2  3  4] 2[1  3  5  6] 3[1  2  7] 4[1  7] 5[2  6] 6[2  5] 7[3  4]
1665: 1[2  3  4  5] 2[1  5  4  3] 3[1  2  6] 4[1  2  7] 5[1  7  2] 6[3] 7[4  5]
1666: 1[2  3  4  5  6] 2[1  6  7  4  3] 3[1  2  4] 4[1  3  2] 5[1  7] 6[1  7  2] 7[2  6  5]
1667: 1[2  3  4  5  6] 2[1  6  3  7] 3[1  7  2  6  5  4] 4[1  3  5] 5[1  4  3] 6[1  3  2] 7[2  3]
1668: 1[2  3  4  5] 2[1  6  3] 3[1  2  6] 4[1  6  5] 5[1  4  6  7] 6[2  7  5  4  3] 7[5  6]
1669: 1[2  3  4  5] 2[1  6  5  4  3  7] 3[1  7  2] 4[1  2  5] 5[1  4  2  6] 6[2  5] 7[2  3]
1670: 1[2  3  4  5] 2[1  5  4  3  6] 3[1  6  2] 4[1  2  5] 5[1  4  2  7] 6[2  3] 7[5]
1671: 1[2  3  4  5] 2[1  6  5  4  7] 3[1  7] 4[1  2  5] 5[1  4  2  6] 6[2  5] 7[2  3]
1672: 1[2  3  4  5] 2[1  5  4  6] 3[1  6] 4[1  2  5] 5[1  4  2  7] 6[2  3] 7[5]
1673: 1[2  3  4  5] 2[1  6  5  4  3] 3[1  7  2] 4[1  2  5] 5[1  4  2  6] 6[2  5] 7[3]
1674: 1[2  3  4  5] 2[1  5  4  3] 3[1  6  2] 4[1  2  5] 5[1  4  2  7] 6[3] 7[5]
1675: 1[2  3  4  5] 2[1  6  5  3  7] 3[1  7  2] 4[1  5] 5[1  4  2  6] 6[2  5] 7[2  3]
1676: 1[2  3  4  5] 2[1  6  3  7] 3[1  7  2] 4[1  5] 5[1  4  6] 6[2  5] 7[2  3]
1677: 1[2  3  4  5] 2[1  5  6] 3[1  5  4] 4[1  3  5  7] 5[1  7  4  3  6  2] 6[2  5] 7[4  5]
1678: 1[2  3  4] 2[1  5  4  3  6  7] 3[1  2  4] 4[1  3  2  5] 5[2  4] 6[2  7] 7[2  6]
1679: 1[2  3  4] 2[1  5  4  6  7] 3[1  4] 4[1  3  2  5] 5[2  4] 6[2  7] 7[2  6]
1680: 1[2  3  4] 2[1  5  4  3  6] 3[1  2  4] 4[1  3  2  5] 5[2  4] 6[2  7] 7[6]
1681: 1[2  3  4  5] 2[1  5  4  6  3] 3[1  2  6] 4[1  2  5] 5[1  4  2  7] 6[2  3] 7[5]
1682: 1[2  3  4] 2[1  4  3  5  6] 3[1  2  4] 4[1  3  2  7] 5[2  6] 6[2  5] 7[4]
1683: 1[2  3  4] 2[1  3  5  6] 3[1  2  4] 4[1  3  7] 5[2  6] 6[2  5] 7[4]
1684: 1[2  3  4] 2[1  4  5  6] 3[1  4] 4[1  3  2  7] 5[2  6] 6[2  5] 7[4]
1685: 1[2  3  4] 2[1  4  3  5] 3[1  2  4] 4[1  3  2  6] 5[2  7] 6[4] 7[5]
1686: 1[2  3  4  5] 2[1  5  6  3] 3[1  2  6] 4[1  5] 5[1  4  2  7] 6[2  3] 7[5]
1687: 1[2  3  4  5] 2[1  5  4  3] 3[1  2  6] 4[1  2  5] 5[1  4  2  7] 6[3] 7[5]
1688: 1[2  3  4  5] 2[1  6  5  4  3] 3[1  2  7] 4[1  2  5] 5[1  4  2  6] 6[2  5] 7[3]
1689: 1[2  3  4  5] 2[1  6  5  4] 3[1  7] 4[1  2  5] 5[1  4  2  6] 6[2  5] 7[3]
1690: 1[2  3  4  5] 2[1  6  5  7  3] 3[1  2  7] 4[1  5] 5[1  4  2  6] 6[2  5] 7[2  3]
1691: 1[2  3  4  5  6] 2[1  6  3  7] 3[1  7  2  6  4] 4[1  3  5] 5[1  4] 6[1  3  2] 7[2  3]
1692: 1[2  3  4  5  6] 2[1  6  3  7] 3[1  7  2  6] 4[1  5] 5[1  4] 6[1  3  2] 7[2  3]
1693: 1[2  3  4  5] 2[1  6  3  7] 3[1  7  2  6] 4[1  5] 5[1  4] 6[2  3] 7[2  3]
1694: 1[2  3  4  5  6] 2[1  6  3  7] 3[1  7  2  6  5] 4[1  5] 5[1  4  3] 6[1  3  2] 7[2  3]
1695: 1[2  3  4  5  6] 2[1  6  3  7] 3[1  7  2  5  4] 4[1  3  5] 5[1  4  3] 6[1  2] 7[2  3]
1696: 1[2  3  4  5  6] 2[1  6  7] 3[1  7  5  4] 4[1  3  5] 5[1  4  3] 6[1  2] 7[2  3]
1697: 1[2  3  4  5] 2[1  5  6] 3[1  4] 4[1  3  7] 5[1  7  6  2] 6[2  5] 7[4  5]
1698: 1[2  3  4  5] 2[1  6  7] 3[1  7  5  4] 4[1  3  5] 5[1  4  3] 6[2] 7[2  3]
1699: 1[2  3  4  5  6] 2[1  6  3  7] 3[1  2  6  5  4] 4[1  3  5] 5[1  4  3] 6[1  3  2] 7[2]
1700: 1[2  3  4  5  6] 2[1  6  7] 3[1  7  4] 4[1  3  7] 5[1  7  6] 6[1  5  7  2] 7[2  6  5  4  3]
1701: 1[2  3  4  5  6] 2[1  6  5  4  3  7] 3[1  7  2] 4[1  2  5] 5[1  4  2  6] 6[1  5  2] 7[2  3]
1702: 1[2  3  4  5] 2[1  5  6] 3[1  7  6] 4[1  6  5] 5[1  4  6  2] 6[2  5  4  3  7] 7[3  6]
1703: 1[2  3  4  5] 2[1  5] 3[1  6  7] 4[1  7  5] 5[1  4  7  2] 6[3  7] 7[3  6  5  4]
1704: 1[2  3  4  5  6] 2[1  6  4  3] 3[1  2  4] 4[1  3  2  6  7] 5[1  7] 6[1  4  2] 7[4  5]
1705: 1[2  3  4  5] 2[1  5  6] 3[1  7] 4[1  6  5] 5[1  4  6  2] 6[2  5  4  7] 7[3  6]
1706: 1[2  3  4  5  6] 2[1  6  3] 3[1  2  6  5  4] 4[1  7  3] 5[1  3  6] 6[1  5  3  2] 7[4]
1707: 1[2  3  4  5] 2[1  5  6] 3[1  7  6] 4[1  6  5] 5[1  4  6  2] 6[2  5  4  3] 7[3]
1708: 1[2  3  4  5  6] 2[1  6  3] 3[1  2  6  4  7] 4[1  7  3] 5[1  6] 6[1  5  3  2] 7[3  4]
1709: 1[2  3  4  5  6] 2[1  6  3] 3[1  2  4  7] 4[1  7  3] 5[1  6] 6[1  5  2] 7[3  4]
1710: 1[2  3  4  5  6] 2[1  6  3] 3[1  2] 4[1  5  7] 5[1  7  4] 6[1  2] 7[4  5]
1711: 1[2  3  4  5] 2[1  5  6] 3[1  4  7] 4[1  7  3] 5[1  2] 6[2] 7[3  4]
1712: 1[2  3  4  5  6] 2[1  6  7] 3[1  6  4] 4[1  3  6  5] 5[1  4  6] 6[1  5  4  3  7  2] 7[2  6]
1713: 1[2  3  4  5] 2[1  5  4  3  6  7] 3[1  2  4] 4[1  3  2  5] 5[1  4  2] 6[2  7] 7[2  6]
1714: 1[2  3  4] 2[1  4  5] 3[1  5  4] 4[1  3  5  2] 5[2  4  3  6  7] 6[5  7] 7[5  6]
1715: 1[2  3  4] 2[1  4  5] 3[1  4] 4[1  3  5  2] 5[2  4  6  7] 6[5  7] 7[5  6]
1716: 1[2  3  4] 2[1  4  5] 3[1  4] 4[1  3  2] 5[2  6  7] 6[5  7] 7[5  6]
1717: 1[2  3  4  5] 2[1  5  3] 3[1  2  5  4  6] 4[1  3  5] 5[1  4  3  2] 6[3  7] 7[6]
1718: 1[2  3  4] 2[1  4  5] 3[1  5  4] 4[1  3  5  2] 5[2  4  3  6] 6[5  7] 7[6]
1719: 1[2  3  4  5] 2[1  5  3] 3[1  2  5  6  7] 4[1  5] 5[1  4  3  2] 6[3  7] 7[3  6]
1720: 1[2  3  4  5  6] 2[1  6  4  3] 3[1  2  4] 4[1  3  2  6  5] 5[1  4  7] 6[1  4  2] 7[5]
1721: 1[2  3  4  5  6] 2[1  6  4  3] 3[1  2  4] 4[1  3  2  7  5] 5[1  4  7] 6[1  2] 7[4  5]
1722: 1[2  3  4  5  6] 2[1  7  4  3] 3[1  2  4] 4[1  3  2  7  6  5] 5[1  4  6] 6[1  5  4] 7[2  4]
1723: 1[2  3  4  5] 2[1  6  3] 3[1  2  6  7  5  4] 4[1  3  5] 5[1  4  3] 6[2  7  3] 7[3  6]
1724: 1[2  3  4] 2[1  5  6  7  4  3] 3[1  2  4] 4[1  3  2] 5[2  6] 6[2  5  7] 7[2  6]
1725: 1[2  3  4] 2[1  5  6  4  3] 3[1  2  4] 4[1  3  2] 5[2  7  6] 6[2  5] 7[5]
1726: 1[2  3  4] 2[1  5  4  3] 3[1  2  4] 4[1  3  2] 5[2  6] 6[5  7] 7[6]
1727: 1[2  3  4] 2[1  4  3] 3[1  2  4] 4[1  5  3  2] 5[4  6  7] 6[5] 7[5]
1728: 1[2  3  4] 2[1  4  3] 3[1  2] 4[1  5  6  2] 5[4  7  6] 6[4  5] 7[5]
1729: 1[2  3] 2[1  4  3] 3[1  2  4] 4[2  5  6  7  3] 5[4  6] 6[4  5  7] 7[4  6]
1730: 1[2  3] 2[1  4  3] 3[1  2] 4[2  5  6  7] 5[4  6] 6[4  5  7] 7[4  6]
1731: 1[2  3  4  5] 2[1  5  3] 3[1  2] 4[1  6  5] 5[1  4  6  7  2] 6[4  7  5] 7[5  6]
1732: 1[2  3  4  5] 2[1  5  3] 3[1  2  5] 4[1  6  5] 5[1  4  6  3  2] 6[4  7  5] 7[6]
1733: 1[2  3  4  5] 2[1  5  3] 3[1  2  5] 4[1  6  5] 5[1  4  3  2] 6[4  7] 7[6]
1734: 1[2  3  4  5  6] 2[1  6  3] 3[1  2  6] 4[1  6  5] 5[1  4  6] 6[1  5  4  7  3  2] 7[6]
1735: 1[2  3  4  5] 2[1  6  3] 3[1  2  6  7  5  4] 4[1  3  5] 5[1  4  3] 6[2  3] 7[3]
1736: 1[2  3  4  5] 2[1  6  3] 3[1  2  7  5  4] 4[1  3  5] 5[1  4  3] 6[2] 7[3]
1737: 1[2  3  4  5] 2[1  6] 3[1  7  5  4] 4[1  3  5] 5[1  4  3] 6[2] 7[3]
1738: 1[2  3  4] 2[1  5  3] 3[1  2  5] 4[1  6] 5[2  7  3] 6[4] 7[5]
1739: 1[2  3  4  5] 2[1  5  3] 3[1  2] 4[1  6  5] 5[1  4  7  2] 6[4] 7[5]
1740: 1[2  3  4] 2[1  5  6  7  4  3] 3[1  2  4] 4[1  3  2] 5[2  6] 6[2  5] 7[2]
1741: 1[2  3  4] 2[1  5  6  4  3] 3[1  2  4] 4[1  3  2] 5[2  7] 6[2] 7[5]
1742: 1[2  3  4] 2[1  4  3] 3[1  2] 4[1  5  6  2] 5[4  7] 6[4] 7[5]
1743: 1[2  3  4] 2[1  3] 3[1  2] 4[1  5  6] 5[4  7] 6[4] 7[5]
1744: 1[2  3  4] 2[1  4  3] 3[1  2] 4[1  5  6  7  2] 5[4  6] 6[4  5] 7[4]
1745: 1[2  3  4] 2[1  3] 3[1  2] 4[1  5  6  7] 5[4  6] 6[4  5] 7[4]
1746: 1[2  3  4  5] 2[1  5  3] 3[1  2] 4[1  6  5] 5[1  4  6  7  2] 6[4  5] 7[5]
1747: 1[2  3  4  5] 2[1  3] 3[1  2] 4[1  6  5] 5[1  4  6  7] 6[4  5] 7[5]
1748: 1[2  3  4] 2[1  5  6] 3[1  4] 4[1  3] 5[2  6] 6[2  5  7] 7[6]
1749: 1[2  3  4  5  6] 2[1  6  3] 3[1  2  6  7  4] 4[1  3  5] 5[1  4] 6[1  3  2] 7[3]
1750: 1[2  3  4  5  6] 2[1  6  3] 3[1  2  7  4] 4[1  3  5] 5[1  4] 6[1  2] 7[3]
1751: 1[2  3  4  5  6] 2[1  6  3] 3[1  2  6  5  4] 4[1  3  5] 5[1  4  3] 6[1  7  3  2] 7[6]
1752: 1[2  3  4  5  6  7] 2[1  7  3] 3[1  2  7  6  5  4] 4[1  3  5] 5[1  4  3] 6[1  3] 7[1  3  2]
1753: 1[2  3  4  5  6] 2[1  7  3] 3[1  2  7  6  5  4] 4[1  3  5] 5[1  4  3] 6[1  3] 7[2  3]
1754: 1[2  3  4  5] 2[1  6  7  5  4  3] 3[1  2  4] 4[1  3  2] 5[1  2] 6[2  7] 7[2  6]
1755: 1[2  3  4  5] 2[1  6  5  4  3] 3[1  2  4] 4[1  3  2] 5[1  2] 6[2  7] 7[6]
1756: 1[2  3  4] 2[1  5  3] 3[1  2  5] 4[1  5] 5[2  6  4  3] 6[5  7] 7[6]
1757: 1[2  3  4] 2[1  3] 3[1  2  5] 4[1  5] 5[3  6  4] 6[5  7] 7[6]
1758: 1[2  3  4] 2[1  5  3] 3[1  2  5] 4[1  5] 5[2  6  7  4  3] 6[5  7] 7[5  6]
1759: 1[2  3  4] 2[1  3] 3[1  2  5] 4[1  5] 5[3  6  7  4] 6[5  7] 7[5  6]
1760: 1[2  3  4  5] 2[1  5  6] 3[1  5] 4[1  7  5] 5[1  4  7  3  6  2] 6[2  5] 7[4  5]
1761: 1[2  3  4] 2[1  5  6  4  7  3] 3[1  2  7] 4[1  2] 5[2  6] 6[2  5] 7[2  3]
1762: 1[2  3] 2[1  4  5] 3[1  4] 4[2  6  7  3  5] 5[2  4] 6[4  7] 7[4  6]
1763: 1[2  3] 2[1  4] 3[1  5] 4[2  5] 5[3  4  6  7] 6[5  7] 7[5  6]
1764: 1[2  3] 2[1  4  5  3  6  7] 3[1  2] 4[2  5] 5[2  4] 6[2  7] 7[2  6]
1765: 1[2  3] 2[1  4  3  5  6] 3[1  2] 4[2  7] 5[2  6] 6[2  5] 7[4]
1766: 1[2  3] 2[1  4  3  5] 3[1  2] 4[2  6] 5[2  7] 6[4] 7[5]
1767: 1[2  3  4] 2[1  5  4  6  3] 3[1  2  6] 4[1  2] 5[2  7] 6[2  3] 7[5]
1768: 1[2  3] 2[1  4  5] 3[1  4] 4[2  6  3  5] 5[2  4] 6[4  7] 7[6]
1769: 1[2  3] 2[1  4] 3[1  5] 4[2  5] 5[3  4  6] 6[5  7] 7[6]
1770: 1[2  3  4] 2[1  4  5] 3[1  4] 4[1  6  7  3  2] 5[2] 6[4  7] 7[4  6]
1771: 1[2  3  4] 2[1  5] 3[1  4] 4[1  6  7  3] 5[2] 6[4  7] 7[4  6]
1772: 1[2  3] 2[1  4  5] 3[1  4] 4[2  6  7  3] 5[2] 6[4  7] 7[4  6]
1773: 1[2  3  4] 2[1  4  5] 3[1  4] 4[1  6  3  2] 5[2] 6[4  7] 7[6]
1774: 1[2  3  4] 2[1  5] 3[1  4] 4[1  6  3] 5[2] 6[4  7] 7[6]
1775: 1[2  3  4  5] 2[1  5  6] 3[1  5] 4[1  7  5] 5[1  4  3  6  2] 6[2  5] 7[4]
1776: 1[2  3  4  5] 2[1  5  6] 3[1  5] 4[1  7] 5[1  3  6  2] 6[2  5] 7[4]
1777: 1[2  3  4] 2[1  5  6] 3[1  5] 4[1  7] 5[2  3  6] 6[2  5] 7[4]
1778: 1[2  3  4  5] 2[1  5  6] 3[1  5] 4[1  7  5] 5[1  4  3  2] 6[2] 7[4]
1779: 1[2  3  4  5  6] 2[1  6  3] 3[1  2] 4[1  6] 5[1  7  6] 6[1  5  7  4  2] 7[5  6]
1780: 1[2  3  4  5] 2[1  6  7  5  3] 3[1  2  4] 4[1  3] 5[1  2] 6[2  7] 7[2  6]
1781: 1[2  3  4  5] 2[1  6  7  5] 3[1  4] 4[1  3] 5[1  2] 6[2  7] 7[2  6]
1782: 1[2  3  4] 2[1  5  3] 3[1  2] 4[1  5] 5[2  6  7  4] 6[5  7] 7[5  6]
1783: 1[2  3  4  5  6] 2[1  6  3] 3[1  2  6] 4[1  6] 5[1  7  6] 6[1  5  4  3  2] 7[5]
1784: 1[2  3  4  5  6] 2[1  3  7] 3[1  7  2  6  5  4] 4[1  3  5] 5[1  4  3] 6[1  3] 7[2  3]
1785: 1[2  3  4  5  6] 2[1  3  7] 3[1  2  6  5  4] 4[1  3  5] 5[1  4  3] 6[1  3] 7[2]
1786: 1[2  3  4  5] 2[1  6  3] 3[1  2  6] 4[1  6] 5[1  6  7] 6[2  5  4  3] 7[5]
1787: 1[2  3  4  5] 2[1  6  3] 3[1  2  6] 4[1  6] 5[1  6  7] 6[2  7  5  4  3] 7[5  6]
1788: 1[2  3  4  5] 2[1  5  6] 3[1  6] 4[1  6  7] 5[1  2] 6[2  7  4  3] 7[4  6]
1789: 1[2  3  4  5] 2[1  6  5  4  3  7] 3[1  7  2] 4[1  2] 5[1  2  6] 6[2  5] 7[2  3]
1790: 1[2  3  4  5] 2[1  5  4  3  6] 3[1  6  2] 4[1  2] 5[1  2  7] 6[2  3] 7[5]
1791: 1[2  3  4  5] 2[1  5  4  3] 3[1  6  2] 4[1  2] 5[1  2  7] 6[3] 7[5]
1792: 1[2  3  4  5] 2[1  6  4  3  7] 3[1  7  2] 4[1  2] 5[1  6] 6[2  5] 7[2  3]
1793: 1[2  3  4  5] 2[1  6  4  3] 3[1  7  2] 4[1  2] 5[1  6] 6[2  5] 7[3]
1794: 1[2  3  4  5] 2[1  6  4  7] 3[1  7] 4[1  2] 5[1  6] 6[2  5] 7[2  3]
1795: 1[2  3  4  5] 2[1  5  6] 3[1  5] 4[1  5  7] 5[1  7  4  3  6  2] 6[2  5] 7[4  5]
1796: 1[2  3  4  5] 2[1  5  6] 3[1  5] 4[1  5  7] 5[1  4  3  6  2] 6[2  5] 7[4]
1797: 1[2  3  4] 2[1  5  6] 3[1  5] 4[1  5  7] 5[2  4  3  6] 6[2  5] 7[4]
1798: 1[2  3  4] 2[1  4  3  5  6] 3[1  2] 4[1  2  7] 5[2  6] 6[2  5] 7[4]
1799: 1[2  3  4] 2[1  4  3  5] 3[1  2] 4[1  2  6] 5[2  7] 6[4] 7[5]
1800: 1[2  3  4  5] 2[1  5  4  3] 3[1  2  6] 4[1  2] 5[1  2  7] 6[3] 7[5]
1801: 1[2  3  4] 2[1  5  6] 3[1  5] 4[1  5  7] 5[2  7  4  3  6] 6[2  5] 7[4  5]
1802: 1[2  3  4] 2[1  5] 3[1  6] 4[1  6  7] 5[2  6] 6[3  5  7  4] 7[4  6]
1803: 1[2  3  4] 2[1  5  6] 3[1  5] 4[1  5  7] 5[2  7  4  3] 6[2] 7[4  5]
1804: 1[2  3  4] 2[1  5  4  3  6  7] 3[1  2] 4[1  2  5] 5[2  4] 6[2  7] 7[2  6]
1805: 1[2  3  4] 2[1  5  4  3  6] 3[1  2] 4[1  2  5] 5[2  4] 6[2  7] 7[6]
1806: 1[2  3  4  5] 2[1  6  4  7  3] 3[1  2  7] 4[1  2] 5[1  6] 6[2  5] 7[2  3]
1807: 1[2  3  4] 2[1  5  6] 3[1  5] 4[1  7] 5[2  7  3  6] 6[2  5] 7[4  5]
1808: 1[2  3  4] 2[1  5] 3[1  6] 4[1  7] 5[2  6] 6[3  5  7] 7[4  6]
1809: 1[2  3  4] 2[1  5  3  6  7] 3[1  2] 4[1  5] 5[2  4] 6[2  7] 7[2  6]
1810: 1[2  3  4] 2[1  5  3  6] 3[1  2] 4[1  5] 5[2  4] 6[2  7] 7[6]
1811: 1[2  3  4  5] 2[1  6  4  3] 3[1  2  7] 4[1  2] 5[1  6] 6[2  5] 7[3]
1812: 1[2  3  4  5] 2[1  6  5  4  3] 3[1  2  7] 4[1  2] 5[1  2  6] 6[2  5] 7[3]
1813: 1[2  3  4  5] 2[1  6  5  4] 3[1  7] 4[1  2] 5[1  2  6] 6[2  5] 7[3]
1814: 1[2  3  4  5  6] 2[1  7  6  5  3] 3[1  2  4] 4[1  3] 5[1  2] 6[1  2  7] 7[2  6]
1815: 1[2  3  4  5] 2[1  6  3] 3[1  2] 4[1  6] 5[1  6  7] 6[2  7  5  4] 7[5  6]
1816: 1[2  3  4  5  6] 2[1  3] 3[1  2] 4[1  6] 5[1  6  7] 6[1  7  5  4] 7[5  6]
1817: 1[2  3  4  5  6] 2[1  3] 3[1  2  6] 4[1  6] 5[1  6  7] 6[1  7  5  4  3] 7[5  6]
1818: 1[2  3  4  5  6] 2[1  6  3] 3[1  2  6] 4[1  6] 5[1  7] 6[1  7  4  3  2] 7[5  6]
1819: 1[2  3  4  5] 2[1  6  3] 3[1  2  6] 4[1  6] 5[1  7] 6[2  7  4  3] 7[5  6]
1820: 1[2  3  4  5  6  7] 2[1  7  6  4  3] 3[1  2  4] 4[1  3  2  6  5] 5[1  4  6] 6[1  5  4  2  7] 7[1  6  2]
1821: 1[2  3  4  5  6] 2[1  6  7] 3[1  7  4] 4[1  3  7  6  5] 5[1  4  6] 6[1  5  4  7  2] 7[2  6  4  3]
1822: 1[2  3  4  5] 2[1  6  7] 3[1  7  4] 4[1  3  7  6  5] 5[1  4  6] 6[2  5  4  7] 7[2  6  4  3]
1823: 1[2  3  4] 2[1  5  6] 3[1  6  7] 4[1  7  5] 5[2  4  7  6] 6[2  5  7  3] 7[3  6  5  4]
1824: 1[2  3  4  5] 2[1  5  6  3  7] 3[1  7  2  6  4] 4[1  3  6] 5[1  6  2] 6[2  5  4  3] 7[2  3]
1825: 1[2  3  4  5] 2[1  5  6  7] 3[1  7  6  4] 4[1  3  6] 5[1  6  2] 6[2  5  4  3] 7[2  3]
1826: 1[2  3  4  5  6] 2[1  6  5  3  7] 3[1  7  2  5  4] 4[1  3  5] 5[1  4  3  2  6] 6[1  5  2] 7[2  3]
1827: 1[2  3  4  5] 2[1  6  5  3  7] 3[1  7  2  5  4] 4[1  3  5] 5[1  4  3  2  6] 6[2  5] 7[2  3]
1828: 1[2  3  4] 2[1  5  4  3  6] 3[1  6  2  4  7] 4[1  7  3  2  5] 5[2  4] 6[2  3] 7[3  4]
1829: 1[2  3  4] 2[1  4  3  5] 3[1  5  2  4  6] 4[1  6  3  2  7] 5[2  3] 6[3  4] 7[4]
1830: 1[2  3  4] 2[1  4  3  5] 3[1  5  2  4  6] 4[1  3  2  7] 5[2  3] 6[3] 7[4]
1831: 1[2  3  4] 2[1  4  3  5] 3[1  2  4  6] 4[1  3  2  7] 5[2] 6[3] 7[4]
1832: 1[2  3  4] 2[1  4  3  5] 3[1  5  2  6] 4[1  2  7] 5[2  3] 6[3] 7[4]
1833: 1[2  3  4] 2[1  4  3  5] 3[1  5  2  4] 4[1  6  3  2  7] 5[2  3] 6[4] 7[4]
1834: 1[2  3  4] 2[1  4  3  5] 3[1  5  2] 4[1  6  2  7] 5[2  3] 6[4] 7[4]
1835: 1[2  3  4  5] 2[1  6  5  4  3] 3[1  2  4] 4[1  3  2  5  7] 5[1  4  2  6] 6[2  5] 7[4]
1836: 1[2  3  4  5  6  7] 2[1  7  6  4  3] 3[1  2  4] 4[1  3  2  6  5] 5[1  4] 6[1  4  2  7] 7[1  6  2]
1837: 1[2  3  4  5  6] 2[1  6  5  3  7] 3[1  2  5  4] 4[1  3  5] 5[1  4  3  2  6] 6[1  5  2] 7[2]
1838: 1[2  3  4  5  6] 2[1  7  3] 3[1  2  7  5  4] 4[1  3  5] 5[1  4  3  7  6] 6[1  5] 7[2  5  3]
1839: 1[2  3  4  5  6] 2[1  3] 3[1  2  7  5  4] 4[1  3  5] 5[1  4  3  7  6] 6[1  5] 7[3  5]
1840: 1[2  3  4  5  6] 2[1  5  3  7] 3[1  7  2  5  4] 4[1  3  5] 5[1  4  3  2  6] 6[1  5] 7[2  3]
1841: 1[2  3  4  5  6] 2[1  6  7] 3[1  7  4] 4[1  3  7  6  5] 5[1  4] 6[1  4  7  2] 7[2  6  4  3]
1842: 1[2  3  4  5] 2[1  5  6  3  7] 3[1  2  6  4] 4[1  3  6] 5[1  6  2] 6[2  5  4  3] 7[2]
1843: 1[2  3  4  5] 2[1  5  6  7] 3[1  6  4] 4[1  3  6] 5[1  6  2] 6[2  5  4  3] 7[2]
1844: 1[2  3  4  5  6] 2[1  5  7  3] 3[1  2  7] 4[1  7  5] 5[1  4  7  2] 6[1] 7[2  5  4  3]
1845: 1[2  3  4  5  6] 2[1  6  5  3  7] 3[1  7  2  5  4] 4[1  3] 5[1  3  2  6] 6[1  5  2] 7[2  3]
1846: 1[2  3  4  5] 2[1  6  5  3  7] 3[1  2  5  4] 4[1  3  5] 5[1  4  3  2  6] 6[2  5] 7[2]
1847: 1[2  3  4  5] 2[1  5  3  6] 3[1  2  5  4] 4[1  3  5] 5[1  4  3  2  7] 6[2] 7[5]
1848: 1[2  3  4  5] 2[1  3  6] 3[1  2  5  4] 4[1  3  5] 5[1  4  3  7] 6[2] 7[5]
1849: 1[2  3  4  5] 2[1  4  3  6] 3[1  6  2  4  7] 4[1  7  3  2  5] 5[1  4] 6[2  3] 7[3  4]
1850: 1[2  3  4  5] 2[1  4  3  6] 3[1  6  2  7] 4[1  7  2  5] 5[1  4] 6[2  3] 7[3  4]
1851: 1[2  3  4  5] 2[1  4  3  6] 3[1  6  2  4] 4[1  7  3  2  5] 5[1  4] 6[2  3] 7[4]
1852: 1[2  3  4  5] 2[1  4  3  6] 3[1  6  2] 4[1  7  2  5] 5[1  4] 6[2  3] 7[4]
1853: 1[2  3  4  5] 2[1  3  6] 3[1  6  2  4] 4[1  7  3  5] 5[1  4] 6[2  3] 7[4]
1854: 1[2  3  4  5] 2[1  4  3  6] 3[1  6  2  4  7] 4[1  7  3  2] 5[1] 6[2  3] 7[3  4]
1855: 1[2  3  4  5] 2[1  3  6] 3[1  6  2  4  7] 4[1  7  3] 5[1] 6[2  3] 7[3  4]
1856: 1[2  3  4  5  6] 2[1  5  4  3] 3[1  2  4] 4[1  3  2  5  7] 5[1  7  4  2] 6[1] 7[4  5]
1857: 1[2  3  4  5  6] 2[1  4  3] 3[1  2  4] 4[1  3  2  5  7] 5[1  7  4] 6[1] 7[4  5]
1858: 1[2  3  4  5] 2[1  6  3] 3[1  2  6  4  7] 4[1  7  3] 5[1] 6[2  3] 7[3  4]
1859: 1[2  3  4  5  6] 2[1  6  3] 3[1  2  4  7] 4[1  7  3] 5[1] 6[1  2] 7[3  4]
1860: 1[2  3  4  5] 2[1  6  3] 3[1  2  4  7] 4[1  7  3] 5[1] 6[2] 7[3  4]
1861: 1[2  3  4  5  6] 2[1  6] 3[1  4  7] 4[1  7  3] 5[1] 6[1  2] 7[3  4]
1862: 1[2  3  4  5] 2[1  6] 3[1  4  7] 4[1  7  3] 5[1] 6[2] 7[3  4]
1863: 1[2  3  4  5  6  7] 2[1  6  4  3] 3[1  2] 4[1  2  6  5] 5[1  4  6] 6[1  5  4  2  7] 7[1  6]
1864: 1[2  3  4  5  6] 2[1  6  5  3  7] 3[1  2  5  4] 4[1  3] 5[1  3  2  6] 6[1  5  2] 7[2]
1865: 1[2  3  4  5  6] 2[1  5  3  7] 3[1  2  5  4] 4[1  3  5] 5[1  4  3  2  6] 6[1  5] 7[2]
1866: 1[2  3  4  5  6] 2[1  7  3] 3[1  2  7  5  4] 4[1  3] 5[1  3  7  6] 6[1  5] 7[2  5  3]
1867: 1[2  3  4  5] 2[1  5  6  3  7] 3[1  2  6  4] 4[1  3] 5[1  6  2] 6[2  5  3] 7[2]
1868: 1[2  3  4  5] 2[1  5  6  3  7] 3[1  2  6  4] 4[1  3] 5[1  2] 6[2  3] 7[2]
1869: 1[2  3  4  5  6] 2[1  5  7  3] 3[1  2] 4[1  5] 5[1  4  7  2  6] 6[1  5] 7[2  5]
1870: 1[2  3  4  5  6] 2[1  5  3  7] 3[1  7  2  5  4] 4[1  3] 5[1  3  2  6] 6[1  5] 7[2  3]
1871: 1[2  3  4  5] 2[1  6  5  3  7] 3[1  2  5  4] 4[1  3] 5[1  3  2  6] 6[2  5] 7[2]
1872: 1[2  3  4  5] 2[1  4  3  6] 3[1  2  4  7] 4[1  7  3  2  5] 5[1  4] 6[2] 7[3  4]
1873: 1[2  3  4  5] 2[1  3  6] 3[1  2  4  7] 4[1  7  3  5] 5[1  4] 6[2] 7[3  4]
1874: 1[2  3  4  5  6] 2[1  4  3] 3[1  2] 4[1  2  5  7] 5[1  7  4  6] 6[1  5] 7[4  5]
1875: 1[2  3  4  5  6] 2[1  7  6] 3[1] 4[1  6  5] 5[1  4] 6[1  4  2  7] 7[2  6]
1876: 1[2  3  4  5] 2[1  6] 3[1  6  4  7] 4[1  7  3] 5[1] 6[2  3] 7[3  4]
1877: 1[2  3  4  5  6] 2[1  6] 3[1  6  4  7] 4[1  7  3  6] 5[1] 6[1  4  3  2] 7[3  4]
1878: 1[2  3  4  5] 2[1  4  3  6] 3[1  2  4  7] 4[1  7  3  2] 5[1] 6[2] 7[3  4]
1879: 1[2  3  4  5] 2[1  3  6] 3[1  2  4  7] 4[1  7  3] 5[1] 6[2] 7[3  4]
1880: 1[2  3  4  5  6  7] 2[1  4  3] 3[1  2] 4[1  2  6  5] 5[1  4  6] 6[1  5  4  7] 7[1  6]
1881: 1[2  3  4  5  6] 2[1  6  5  7] 3[1  5  4] 4[1  3] 5[1  3  2  6] 6[1  5  2] 7[2]
1882: 1[2  3  4  5] 2[1  5  6] 3[1  5  4] 4[1  3] 5[1  3  6  2] 6[2  5  7] 7[6]
1883: 1[2  3  4  5  6] 2[1  7] 3[1  7  5  4] 4[1  3  5] 5[1  4  3  6] 6[1  5] 7[2  3]
1884: 1[2  3  4  5  6] 2[1  3  7] 3[1  2  5  4] 4[1  3  5] 5[1  4  3  6] 6[1  5] 7[2]
1885: 1[2  3  4  5] 2[1  6  3] 3[1  2  6  4] 4[1  3] 5[1  6  7] 6[2  5  3] 7[5]
1886: 1[2  3  4  5  6] 2[1  7  3] 3[1  2  7  4] 4[1  3] 5[1  7  6] 6[1  5] 7[2  5  3]
1887: 1[2  3  4  5] 2[1  6  7  3] 3[1  2] 4[1  7  5] 5[1  4] 6[2  7] 7[2  6  4]
1888: 1[2  3  4  5  6  7] 2[1  6  4  3] 3[1  2] 4[1  2  6  5] 5[1  4] 6[1  4  2  7] 7[1  6]
1889: 1[2  3  4  5  6] 2[1  7] 3[1  7  5  4] 4[1  3] 5[1  3  7  6] 6[1  5] 7[2  5  3]
1890: 1[2  3  4  5] 2[1  6  3  7] 3[1  2  6  4] 4[1  3] 5[1  6] 6[2  5  3] 7[2]
1891: 1[2  3  4  5  6] 2[1  5  3  7] 3[1  2  5  4] 4[1  3] 5[1  3  2  6] 6[1  5] 7[2]
1892: 1[2  3  4  5] 2[1  5  3  6] 3[1  2  5  4] 4[1  3] 5[1  3  2  7] 6[2] 7[5]
1893: 1[2  3  4  5  6  7] 2[1  7  6  4  3] 3[1  2  4] 4[1  3  2  6  5] 5[1  4] 6[1  4  2] 7[1  2]
1894: 1[2  3  4  5  6] 2[1  6  5  3  7] 3[1  2  5] 4[1  5] 5[1  4  3  2  6] 6[1  5  2] 7[2]
1895: 1[2  3  4  5] 2[1  6  5  4  3] 3[1  2  4] 4[1  3  2  5  7] 5[1  4  2] 6[2] 7[4]
1896: 1[2  3  4  5  6] 2[1  6  5  3  7] 3[1  7  2  5  4] 4[1  3] 5[1  3  2] 6[1  2] 7[2  3]
1897: 1[2  3  4  5] 2[1  6  5  3  7] 3[1  2  5] 4[1  5] 5[1  4  3  2  6] 6[2  5] 7[2]
1898: 1[2  3  4  5] 2[1  5  3  6] 3[1  2  5] 4[1  5] 5[1  4  3  2  7] 6[2] 7[5]
1899: 1[2  3  4] 2[1  5  4  3  6] 3[1  6  2  4  7] 4[1  3  2] 5[2] 6[2  3] 7[3]
1900: 1[2  3  4] 2[1  5  4  3  6] 3[1  2  4  7] 4[1  3  2] 5[2] 6[2] 7[3]
1901: 1[2  3  4] 2[1  5  3  6] 3[1  2  4  7] 4[1  3] 5[2] 6[2] 7[3]
1902: 1[2  3  4] 2[1  5  4  6] 3[1  4  7] 4[1  3  2] 5[2] 6[2] 7[3]
1903: 1[2  3  4  5  6] 2[1  5  3  7] 3[1  7  2  5  4] 4[1  3] 5[1  3  2] 6[1] 7[2  3]
1904: 1[2  3  4  5] 2[1  6  5  3  7] 3[1  2  5] 4[1] 5[1  3  2  6] 6[2  5] 7[2]
1905: 1[2  3  4  5] 2[1  6  5  3  7] 3[1  2] 4[1] 5[1  2  6] 6[2  5] 7[2]
1906: 1[2  3  4  5  6] 2[1  7  6  4  3] 3[1  2] 4[1  2] 5[1] 6[1  2  7] 7[2  6]
1907: 1[2  3  4  5  6] 2[1  7  6  4] 3[1] 4[1  2  6] 5[1] 6[1  4  2  7] 7[2  6]
1908: 1[2  3  4  5  6  7] 2[1  7  6  4  3] 3[1  2] 4[1  2  6] 5[1] 6[1  4  2  7] 7[1  6  2]
1909: 1[2  3  4  5  6] 2[1  6  5  3  7] 3[1  2  5] 4[1] 5[1  3  2  6] 6[1  5  2] 7[2]
1910: 1[2  3  4  5  6] 2[1  6  3] 3[1  2  6  4  7] 4[1  3] 5[1] 6[1  3  2] 7[3]
1911: 1[2  3  4  5] 2[1  5  6] 3[1  6] 4[1] 5[1  6  2] 6[2  5  3  7] 7[6]
1912: 1[2  3  4  5] 2[1  6  3] 3[1  2  6  4  7] 4[1  3] 5[1] 6[2  3] 7[3]
1913: 1[2  3  4  5  6] 2[1  6  3] 3[1  2  4  7] 4[1  3] 5[1] 6[1  2] 7[3]
1914: 1[2  3  4  5  6] 2[1  6] 3[1  4  7] 4[1  3] 5[1] 6[1  2] 7[3]
1915: 1[2  3  4  5] 2[1  6] 3[1  4  7] 4[1  3] 5[1] 6[2] 7[3]
1916: 1[2  3  4  5] 2[1  6  3] 3[1  2  4  7] 4[1  3] 5[1] 6[2] 7[3]
1917: 1[2  3  4  5  6  7] 2[1  7  3] 3[1  2  7  5] 4[1] 5[1  3  7] 6[1] 7[1  5  3  2]
1918: 1[2  3  4  5  6  7] 2[1  3] 3[1  2  7  5  4] 4[1  3] 5[1  3  7] 6[1  7] 7[1  6  5  3]
1919: 1[2  3  4  5  6] 2[1  6  5  3  7] 3[1  2  5] 4[1  5] 5[1  4  3  2] 6[1  2] 7[2]
1920: 1[2  3  4  5  6] 2[1  7  6  4] 3[1  4] 4[1  3  2  6  5] 5[1  4] 6[1  4  2] 7[2]
1921: 1[2  3  4  5] 2[1  5  4  3  6] 3[1  2  4] 4[1  7  3  2] 5[1  2] 6[2] 7[4]
1922: 1[2  3  4  5] 2[1  5  4  6] 3[1  4] 4[1  7  3  2] 5[1  2] 6[2] 7[4]
1923: 1[2  3  4  5  6] 2[1  7  6  4  3] 3[1  2] 4[1  2  6] 5[1  6] 6[1  5  4  2] 7[2]
1924: 1[2  3  4  5] 2[1  6  5  3  7] 3[1  2  5] 4[1  5] 5[1  4  3  2] 6[2] 7[2]
1925: 1[2  3  4  5] 2[1  6  5  7] 3[1  5] 4[1  5] 5[1  4  3  2] 6[2] 7[2]
1926: 1[2  3  4  5  6  7] 2[1  7  6  4  3] 3[1  2] 4[1  2  6] 5[1] 6[1  4  2] 7[1  2]
1927: 1[2  3  4  5  6] 2[1  6  5  3  7] 3[1  2  5] 4[1] 5[1  3  2] 6[1  2] 7[2]
1928: 1[2  3  4  5] 2[1  6  5  3  7] 3[1  2  5] 4[1] 5[1  3  2] 6[2] 7[2]
1929: 1[2  3  4  5] 2[1  6  5  3  7] 3[1  2] 4[1] 5[1  2] 6[2] 7[2]
1930: 1[2  3  4  5  6] 2[1  6  5  3  7] 3[1  2] 4[1] 5[1  2] 6[1  2] 7[2]
1931: 1[2  3  4  5  6  7] 2[1] 3[1  7  5  4] 4[1  3] 5[1  3  7] 6[1] 7[1  5  3]
1932: 1[2  3  4  5  6] 2[1  5  3  7] 3[1  2  5] 4[1] 5[1  3  2] 6[1] 7[2]
1933: 1[2  3  4  5  6  7] 2[1  6  4] 3[1] 4[1  2  6] 5[1] 6[1  4  2] 7[1]
1934: 1[2  3  4  5  6  7] 2[1  7  6  3] 3[1  2] 4[1  6] 5[1] 6[1  4  2] 7[1  2]
1935: 1[2  3  4  5  6] 2[1  6  5  7] 3[1  5] 4[1] 5[1  3  2] 6[1  2] 7[2]
1936: 1[2  3  4  5] 2[1  6] 3[1  5] 4[1] 5[1  3  6] 6[2  5  7] 7[6]
1937: 1[2  3  4  5  6] 2[1  7  6  3] 3[1  2] 4[1  6] 5[1] 6[1  4  2] 7[2]
1938: 1[2  3  4  5  6] 2[1  7  6] 3[1] 4[1  6] 5[1] 6[1  4  2] 7[2]
1939: 1[2  3  4  5  6  7] 2[1  7  6] 3[1] 4[1  6] 5[1] 6[1  4  2] 7[1  2]
1940: 1[2  3  4  5  6] 2[1  7] 3[1] 4[1  6] 5[1] 6[1  4  7] 7[2  6]
1941: 1[2  3  4  5  6  7] 2[1  3] 3[1  2  5  4] 4[1  3] 5[1  3  7] 6[1  7] 7[1  6  5]
1942: 1[2  3  4  5  6] 2[1  6  3  7] 3[1  2  5] 4[1  5] 5[1  4  3] 6[1  2] 7[2]
1943: 1[2  3  4  5  6] 2[1  3  7] 3[1  2  5] 4[1  5] 5[1  4  3] 6[1] 7[2]
1944: 1[2  3  4  5] 2[1  6] 3[1] 4[1  5  7] 5[1  4  6] 6[2  5] 7[4]
1945: 1[2  3  4  5  6] 2[1  7  6] 3[1  4] 4[1  3  6  5] 5[1  4] 6[1  4  2] 7[2]
1946: 1[2  3  4  5] 2[1  5  3  6] 3[1  2  4] 4[1  7  3] 5[1  2] 6[2] 7[4]
1947: 1[2  3  4  5] 2[1  3  6] 3[1  2  4] 4[1  7  3] 5[1] 6[2] 7[4]
1948: 1[2  3  4  5  6] 2[1  7] 3[1  4] 4[1  3  6  5] 5[1  4] 6[1  4  7] 7[2  6]
1949: 1[2  3  4  5  6] 2[1  7  4  3] 3[1  2] 4[1  2  6] 5[1  6] 6[1  5  4] 7[2]
1950: 1[2  3  4  5] 2[1  6] 3[1  6  5] 4[1  5] 5[1  4  3] 6[2  7  3] 7[6]
1951: 1[2  3  4  5  6  7] 2[1  7] 3[1  7  5] 4[1  5] 5[1  4  3] 6[1] 7[1  3  2]
1952: 1[2  3  4  5  6] 2[1  7] 3[1  7  5] 4[1  5] 5[1  4  3] 6[1] 7[2  3]
1953: 1[2  3  4  5] 2[1  6] 3[1] 4[1  7] 5[1  7  6] 6[2  5] 7[4  5]
1954: 1[2  3  4  5  6  7] 2[1  3] 3[1  2  7  5] 4[1  5] 5[1  4  3  7] 6[1] 7[1  5  3]
1955: 1[2  3  4  5  6] 2[1  7  6  4] 3[1  4] 4[1  3  2  6] 5[1] 6[1  4  2] 7[2]
1956: 1[2  3  4  5  6] 2[1  7] 3[1  4] 4[1  3  7  6] 5[1] 6[1  4  7] 7[2  6  4]
1957: 1[2  3  4  5  6] 2[1  7  6  4] 3[1] 4[1  2  6] 5[1  6] 6[1  5  4  2] 7[2]
1958: 1[2  3  4  5] 2[1  6  5  3] 3[1  7  2  5] 4[1] 5[1  3  2] 6[2] 7[3]
1959: 1[2  3  4  5] 2[1  6  5  3] 3[1  7  2] 4[1] 5[1  2] 6[2] 7[3]
1960: 1[2  3  4  5  6  7] 2[1  7  6  4] 3[1] 4[1  2  6  5] 5[1  4] 6[1  4  2] 7[1  2]
1961: 1[2  3  4  5  6] 2[1  5  3  7] 3[1  2  5] 4[1  5] 5[1  4  3  2] 6[1] 7[2]
1962: 1[2  3  4  5] 2[1  6  5  4] 3[1] 4[1  2  5  7] 5[1  4  2] 6[2] 7[4]
1963: 1[2  3  4  5  6  7] 2[1  7  6  3] 3[1  2  4] 4[1  3  6  5] 5[1  4] 6[1  4  2] 7[1  2]
1964: 1[2  3  4  5  6] 2[1  6  3  7] 3[1  2  5] 4[1  5] 5[1  4  3  6] 6[1  5  2] 7[2]
1965: 1[2  3  4  5] 2[1  6  5  3] 3[1  2  4] 4[1  3  5  7] 5[1  4  2] 6[2] 7[4]
1966: 1[2  3  4  5  6] 2[1  6  5  7] 3[1  7  5  4] 4[1  3] 5[1  3  2] 6[1  2] 7[2  3]
1967: 1[2  3  4  5] 2[1  6  3  7] 3[1  2  5] 4[1  5] 5[1  4  3  6] 6[2  5] 7[2]
1968: 1[2  3  4] 2[1  5  4  6] 3[1  6  4  7] 4[1  3  2] 5[2] 6[2  3] 7[3]
1969: 1[2  3  4  5  6] 2[1  5  7] 3[1  7  5  4] 4[1  3] 5[1  3  2] 6[1] 7[2  3]
1970: 1[2  3  4  5] 2[1  6  3  7] 3[1  2  5] 4[1] 5[1  3  6] 6[2  5] 7[2]
1971: 1[2  3  4  5  6  7] 2[1  7  6  4] 3[1] 4[1  2  6  5] 5[1  4  6] 6[1  5  4  2  7] 7[1  6  2]
1972: 1[2  3  4  5  6  7] 2[1  7  6  4  3] 3[1  2] 4[1  2  6  5] 5[1  4  6] 6[1  5  4  2] 7[1  2]
1973: 1[2  3  4  5  6] 2[1  6  5  3  7] 3[1  2  5  4] 4[1  3  5] 5[1  4  3  2] 6[1  2] 7[2]
1974: 1[2  3  4  5] 2[1  6  5  3  7] 3[1  2  5  4] 4[1  3  5] 5[1  4  3  2] 6[2] 7[2]
1975: 1[2  3  4  5] 2[1  6  3  7] 3[1  2  5  4] 4[1  3  5] 5[1  4  3] 6[2] 7[2]
1976: 1[2  3  4  5  6] 2[1  7  3] 3[1  2  7  5] 4[1  5] 5[1  4  3  7  6] 6[1  5] 7[2  5  3]
1977: 1[2  3  4  5  6] 2[1  5  3  7] 3[1  7  2  5] 4[1  5] 5[1  4  3  2  6] 6[1  5] 7[2  3]
1978: 1[2  3  4  5  6] 2[1  6  4  3] 3[1  2] 4[1  2  5  7] 5[1  7  4] 6[1  2] 7[4  5]
1979: 1[2  3  4  5  6  7] 2[1  7  6  3] 3[1  2] 4[1  6  5] 5[1  4  6] 6[1  5  4  2] 7[1  2]
1980: 1[2  3  4  5  6] 2[1  6  5  7] 3[1  5  4] 4[1  3  5] 5[1  4  3  2] 6[1  2] 7[2]
1981: 1[2  3  4  5  6] 2[1  7  3] 3[1  2  7  5] 4[1  5] 5[1  4  3  6] 6[1  5] 7[2  3]
1982: 1[2  3  4  5  6] 2[1  6  7] 3[1  4] 4[1  3  7  5] 5[1  4] 6[1  7  2] 7[2  6  4]
1983: 1[2  3  4  5] 2[1  6  7] 3[1  4] 4[1  3  7  5] 5[1  4] 6[2  7] 7[2  6  4]
1984: 1[2  3  4  5  6] 2[1  7  6  3] 3[1  2] 4[1  6  5] 5[1  4  6] 6[1  5  4  2] 7[2]
1985: 1[2  3  4  5  6] 2[1  7  6] 3[1] 4[1  6  5] 5[1  4  6] 6[1  5  4  2] 7[2]
1986: 1[2  3  4  5] 2[1  6  3] 3[1  2  6  4] 4[1  7  3] 5[1] 6[2  3] 7[4]
1987: 1[2  3  4  5  6  7] 2[1  7  3] 3[1  2  7  5] 4[1  5] 5[1  4  3] 6[1] 7[1  3  2]
1988: 1[2  3  4  5  6] 2[1  7] 3[1] 4[1  6  5] 5[1  4  6] 6[1  5  4  7] 7[2  6]
1989: 1[2  3  4  5] 2[1  6  3] 3[1  2  6  7] 4[1  7] 5[1] 6[2  3] 7[3  4]
1990: 1[2  3  4  5  6] 2[1  7  3] 3[1  2  7  5] 4[1  5] 5[1  4  3] 6[1] 7[2  3]
1991: 1[2  3  4  5] 2[1  6  7  4] 3[1  4] 4[1  3  2] 5[1] 6[2  7] 7[2  6]
1992: 1[2  3  4  5  6  7] 2[1  7  6  4] 3[1  4] 4[1  3  2  6] 5[1] 6[1  4  2  7] 7[1  6  2]
1993: 1[2  3  4  5  6] 2[1  6  7] 3[1  4] 4[1  3  7  6] 5[1] 6[1  4  7  2] 7[2  6  4]
1994: 1[2  3  4  5  6] 2[1  7  6  4] 3[1] 4[1  2  6  5] 5[1  4  6] 6[1  5  4  2] 7[2]
1995: 1[2  3  4  5  6] 2[1  6  7  3] 3[1  2  7  4] 4[1  3  7  5] 5[1  4  7  6] 6[1  5  7  2] 7[2  6  5  4  3]
1996: 1[2  3  4  5] 2[1  5  6  7  3] 3[1  2  7  4] 4[1  3  7  5] 5[1  4  7  6  2] 6[2  5  7] 7[2  6  5  4  3]
1997: 1[2  3  4  5] 2[1  6  7  3] 3[1  2  7  4] 4[1  3  7  5] 5[1  4  7  6] 6[2  5  7] 7[2  6  5  4  3]
1998: 1[2  3  4  5] 2[1  6  3] 3[1  2  7  4] 4[1  3  7  5] 5[1  4  7  6] 6[2  5  7] 7[3  6  5  4]
1999: 1[2  3  4  5] 2[1  5  6  3] 3[1  2  6  4] 4[1  3  6  5] 5[1  4  6  7  2] 6[2  7  5  4  3] 7[5  6]
2000: 1[2  3  4  5] 2[1  5  6  3] 3[1  2  6  4] 4[1  3  6  5] 5[1  4  6  7  2] 6[2  5  4  3] 7[5]
2001: 1[2  3  4  5] 2[1  6  3] 3[1  2  6  4] 4[1  3  6  5] 5[1  4  6  7] 6[2  5  4  3] 7[5]
2002: 1[2  3  4  5] 2[1  5  6  3] 3[1  2  6  4] 4[1  3  6  5] 5[1  4  7  2] 6[2  7  4  3] 7[5  6]
